1389,06060412,"Na vozovce je velká kaluž vody, kterou s motocyklem musíte projet. Jak se zachováte?","A: Výrazně snížíte rychlost jízdy, nohy necháte na stupačkách a pomalu projedete kaluží.","B: Nebudete brzdit, jen zvednete nohy ze stupaček a projedete kaluží.",C: Objedu kaluž přes chodník nebo krajnici vozovky.,
1615,06040174,"Ve výhledu z motorového vozidla vidíte děti, které si hrají na chodníku. Jak se zachováte?",A: Budete s ohledem na možné vběhnutí dětí do vozovky připraven(-a) brzdit a podle okolností snížíte rychlost jízdy.,"B: Protože jsou děti na chodníku, nemáte důvod ke zvýšení opatrnosti ani ke změně způsobu jízdy.",C: Z dostatečné vzdálenosti upozorníte hrající si děti na možné nebezpečí zvukovým výstražným znamením.,
2253,06050523,Přilnavost mezi pneumatikou a povrchem vozovky je závislá na:,"A: Huštění pneumatiky, hloubce jejího dezénu a druhu povrchu vozovky.",B: Huštění pneumatiky a hloubce jejího dezénu. Druh povrchu vozovky nemá výraznější vliv na přilnavost.,C: Druhu povrchu vozovky. Huštění a hloubka dezénu pneumatiky výrazně přilnavost neovlivňují.,
2271,06060275,Příčinou vzniku aquaplaningu je:,A: Rychlá jízda na vozovce pokryté větším množstvím vody.,B: Prudké zrychlení vozidla na mokré vozovce.,C: Prudké brzdění vozidla na mokré vozovce.,
2297,06060458,"Používání ochranné výstroje jako rukavic, bot a vhodného oblečení:",A: Může u posádky motocyklu výrazně snížit zdravotní následky dopravní nehody.,B: Je zákonnou podmínkou účasti řidiče motocyklu v silničním provozu.,C: Je doporučováno jen pro jízdu na motocyklu na dálnicích a silnicích pro motorová vozidla.,
2312,06050485,Řidič nesmí přepravovat na druhém sedadle motocyklu:,A: Osobu mladší 12 let.,B: Osobu mladší 15 let.,C: Osobu mladší 17 let.,
2314,06050498,Motocykl bez postranního vozíku:,C: Se nesmí vléci ani užít jako vlečné vozidlo.,"A: Se nesmí vléci, smí se však užít jako vlečné vozidlo.","B: Se smí vléci, nesmí se však užít jako vlečné vozidlo.",
2315,06050489,Moped:,C: Se nesmí vléci ani užít jako vlečné vozidlo.,"A: Se nesmí vléci, smí se však užít jako vlečné vozidlo.","B: Se smí vléci, nesmí se však užít jako vlečné vozidlo.",
2316,06050491,Motocykl s postranním vozíkem:,C: Se smí vléci i užít jako vlečné vozidlo.,"A: Se nesmí vléci, smí se však užít jako vlečné vozidlo.","B: Se smí vléci, nesmí se však užít jako vlečné vozidlo.",
2337,06050495,Čím je rychlost jízdy motocyklu vyšší:,C: Tím více musí být v zatáčce motocykl naklopen.,A: Tím lépe lze projíždět zatáčky o malém poloměru.,B: Tím více v zatáčkách natáčíme řídítka.,
2341,06060338,"Pokud je při jízdě na motocyklu nezbytné v nájezdu do zatáčky brzdit, potom je nejvhodnější:","A: Brzdit přední i zadní brzdou, postupně a s výrazně menší silou, než při přímé jízdě.",B: Rychle přeřadit na nižší rychlostní stupeň s následně prudkým puštěním páčky spojky.,C: Intenzivně brzdit pouze přední nebo zadní brzdou.,
2349,06050507,Při jízdě v obytné zóně se před Vaším vozidlem náhle objeví kutálející se míč. Jak byste měli reagovat?,"A: Okamžitě začít brzdit, protože na vozovku za míčem mohou vběhnout děti.","B: Pokračovat v jízdě, protože děti vědí, že mají zůstat stát mimo vozovku a počkat, až auto přejede.","C: Vyhnout se míči, aby nedošlo k poškození Vašeho vozidla, a pokračovat v jízdě nezměněnou rychlostí.",
2350,06050480,Při jízdě v obci se před Vaším vozidlem náhle objeví kutálející se míč. Jak byste měli reagovat?,"A: Okamžitě snížit rychlost jízdy nebo i zastavit vozidlo, protože na vozovku za míčem mohou vběhnout děti.","B: Pokračovat v jízdě, protože děti vědí, že mají zůstat stát na okraji chodníku a počkat, až auto přejede.","C: Vyhnout se míči, aby nedošlo k poškození Vašeho vozidla, a pokračovat v jízdě nezměněnou rychlostí.",
2351,06050496,Při jízdě se před Vaším vozidlem zpoza parkujících aut náhle objeví kutálející se míč. Jak byste měli reagovat?,"A: Okamžitě snížit rychlost jízdy nebo i zastavit vozidlo, protože na vozovku za míčem mohou vběhnout děti.","B: Pokračovat v jízdě, protože děti vědí, že mají zůstat stát na okraji chodníku a počkat, až auto přejede.","C: Vyhnout se míči, aby nedošlo k poškození Vašeho vozidla, a pokračovat v jízdě nezměněnou rychlostí.",
2355,06050468,"Pokud kontrolka směrových světel bliká výrazně rychleji než obvykle, může být příčinou:",A: Závada na některé ze žárovek směrových světel.,B: Závada na přepínači směrových světel.,C: Závada na startéru vozidla.,
2360,06050472,Za jízdy na motocyklu je řidič povinen:,A: Mít na hlavě nasazenou a řádně připevněnou ochrannou přílbu schváleného typu.,"B: Nosit ochranný oděv, například koženou kombinézu.",C: Používat pouze kožené plné boty.,
2361,06050473,Řidič motocyklu nebo mopedu si za jízdy musí chránit zrak:,"B: Vhodným způsobem, například brýlemi nebo štítem, pokud tím není snížena bezpečnost jízdy.","A: Pouze při zhoršených povětrnostních podmínkách, například za deště nebo sněžení.",C: Pouze za ostrého slunce slunečními brýlemi s ochranným UV faktorem.,
2362,06050445,"Může řidič motocyklu přepravovat osobu, která nedosáhne nohama na stupačky?",B: Nesmí.,"A: Ano, ale jen v obci.","C: Může, pokud je přepravované osobě více než 12 let.",
2376,06050476,"Může být schopnost k řízení vozidla ovlivněna i po požití malého množství alkoholu, např. půl litru desetistupňového piva?","A: Ano, i malé množství požitého alkoholu snižuje schopnost k řízení motorového vozidla.","B: Ne, pokud se alkohol pije zároveň s černou kávou.","C: Ne, malé množství požitého alkoholu neovlivňuje schopnost k řízení motorového vozidla.",
2394,06050500,Jaká je možná příčina vzniku nebezpečí pádu motocyklu v zatáčkách?,A: Olej na vozovce.,B: Svislé dopravní značení.,C: Zvýšený okraj na vnější straně vozovky.,
2395,06050503,Jaká je častá příčina vzniku nebezpečí pádu motocyklu v zatáčkách?,B: Vodorovné dopravní značení.,A: Snížená krajnice vozovky.,C: Zvýšený okraj na vnější straně vozovky.,
2398,06050499,Na dálnici musíte počítat se silným bočním větrem především:,A: Na mostech.,B: V podjezdech.,C: Mezi protihlukovými stěnami.,
2399,06050501,Na dálnici musíte počítat se silným bočním větrem především:,B: V otevřeném terénu.,A: V lesních úsecích.,C: Mezi protihlukovými stěnami.,
2411,06050504,Za minimální bezpečnou vzdálenost mezi za sebou jedoucími vozidly je zpravidla považován:,A: Časový rozestup dvou sekund.,B: Časový rozestup pěti sekund.,C: Časový rozestup tři čtvrtě sekundy.,
2415,06050517,Zvýšené riziko ztráty přilnavosti pneumatik a následného smyku za deště hrozí:,A: V úseku s vyjetými kolejemi.,B: Na silnicích nižší třídy.,C: Na vozovce s betonovým povrchem.,
2435,06060278,Správný tlak huštění pneumatik se zjišťuje:,"A: Na studených, jízdou nezahřátých pneumatikách.",B: Na jízdou zahřátých pneumatikách.,C: Na pneumatikách bez ohledu na jejich teplotu.,
2444,08120022,"Pokud začne pršet, musí se motocyklista připravit na:",A: Kluzkou vrstvu na povrchu vozovky.,B: Zkrácenou brzdnou dráhu motocyklu.,C: Snazší výjezd motocyklu ze zatáčky.,
2447,06060422,Jaké nebezpečí hrozí při jízdě na mokré dlažbě?,A: Zvýšené riziko smyku a následného pádu.,"B: Nebezpečí nehrozí, mají-li pneumatiky předepsanou hloubku dezénu.",C: Zvýšené riziko sesmeknutí řetězu z důvodu rozstřiku vody.,
2448,08120021,Jaké nebezpečí hrozí při jízdě s motocyklem na mokré dlažbě?,A: Zvýšený sklon k blokování kol při brzdění.,"B: Žádné, pokud mají pneumatiky potřebnou hloubku dezénu.",C: Žádné. Na dlažbě je motocykl stabilnější.,
2540,06050605,Při dvojnásobném zvýšení rychlosti působí na řidiče i motocykl v zatáčce:,B: Přibližně čtyřnásobná odstředivá síla.,A: Přibližně dvojnásobná odstředivá síla.,"C: Odstředivá síla, která se nemění.",
2884,06060423,Co může vést ke smyku motocyklu při průjezdu zatáčkami?,B: Vadné tlumiče motocyklu.,A: Nedostatečná rychlost jízdy.,C: Nízká hmotnost motocyklu.,
2892,06060154,"Když zvýšíte rychlost jízdy na dvojnásobek (např. z 50 km/h na 100 km/h), prodlouží se tím brzdná dráha Vašeho vozidla na suché vozovce:",C: Přibližně na čtyřnásobek délky původní brzdné dráhy.,A: Přibližně na dvojnásobek délky původní brzdné dráhy.,B: Přibližně na trojnásobek délky původní brzdné dráhy.,
3044,06060239,Při jízdě na motocyklu za mokra se povrch vodorovného značení přechodů pro chodce nebo jízdních pruhů:,"C: Stává výrazně kluzkým, takže není vhodné na něm provádět žádný prudký manévr, jako je akcelerace, brzdění, náklon nebo náhlá změna směru jízdy.",A: Stává špatně viditelným a je proto nutné vždy používat obrysová a potkávací světla namísto světel pro denní svícení.,"B: Nijak neliší od povrchu tohoto značení za sucha, je stejně viditelný a má i stejné adhezní vlastnosti.",
3045,06060240,Smyku předního kola v zatáčce a tím způsobenému pádu motocyklu předejdeme:,B: Odbrzděním předního kola ještě před naklopením motocyklu.,A: Zvýšením výkonu přenášeného zadním kolem přidáním plynu.,C: Zvýšením brzdné síly na předním kole páčkou ruční brzdy.,
3046,06060241,"Správně jedoucí motocyklista projíždí zatáčkou tak, aby:",A: Nebylo nutné v průběhu zatáčení přidávat plyn ani brzdit.,B: Brzděním snižoval neustále rychlost jízdy motocyklu.,C: Přidáváním plynu neustále zvyšoval rychlost motocyklu.,
3047,06060242,Při rychlosti 100 km/h je délka brzdné dráhy Vašeho vozidla oproti brzdné dráze při rychlosti 50 km/h:,A: Přibližně čtyřikrát delší.,B: Přibližně třikrát delší.,C: Přibližně dvakrát delší.,
3048,06060243,Častou příčinou vzniku dopravních nehod při jízdě na dálnici je:,A: Jízda s nedostatečnou vzdáleností mezi vozidly jedoucími za sebou.,B: Pomalá jízda nákladních vozidel.,C: Jízda v pravém jízdním pruhu.,
3049,06060244,Při prudkém sešlápnutí brzdového pedálu vozidla bez protiblokovacího systému brzd (ABS) na náledí dojde:,A: K zablokování kol vozidla a vozidlo se stává neřiditelným.,"B: K maximálnímu brzdnému účinku, při němž vozidlo zastaví s nejkratší brzdnou dráhou.","C: K zablokování kol zadní nápravy vozidla, při němž vozidlo zůstává řiditelným.",
3099,06060274,Chystáte se předjet cyklistu. Bude vám stačit boční odstup od cyklisty přibližně 50 cm?,"A: Ne, protože cyklista může náhle zakolísat a vybočit z dráhy směru své jízdy.","B: Ano, pokud budete dávat zvuková nebo světelná výstražná znamení.","C: Ano, pokud snížíte rychlost na 40km/h, pak je předjíždění bezpečné.",
3100,06060276,Za jízdy v noci se vám náhle v dálkových světlech objeví lesní zvěř. Jak se zachováte?,A: Okamžitě ztlumíte světla na potkávací a snížíte rychlost jízdy.,B: Vypnete světla vozidla a pokračujete sníženou rychlostí v jízdě.,C: Pokračujete v jízdě stejným způsobem s dálkovými světly.,
3101,06060277,Častou příčinou těžkých nehod na dálnici při předjíždění je:,A: Nedostatečné sledování provozu za vozidlem.,B: Pomalá jízda.,C: Jízda s bezpečnou vzdáleností mezi vozidly.,
3102,06060279,Ve výhledu z motorového vozidla vidíte skupinu dětí na chodníku. Jak se zachováte?,A: S ohledem na možné vběhnutí dětí do vozovky snížíte rychlost jízdy a zvýšíte pozornost.,"B: Protože jsou děti na chodníku, nemáte důvod ke zvýšení opatrnosti ani ke změně způsobu jízdy.",C: Použijete zvukové výstražné znamení a přejedete k levému okraji jízdního pruhu.,
3103,06060280,Při zvyšování rychlosti jízdy se zorné pole řidiče:,B: Zužuje.,A: Nemění.,C: Rozšiřuje.,
3104,06060281,Při začínajícím drobném dešti se snížení přilnavosti pneumatik nejvýrazněji projeví na vozovce:,A: Dlážděné.,B: S asfaltovým povrchem.,C: S betonovým povrchem.,
3107,06060284,Řidič jedoucí před Vámi dává výstražné světelné znamení. Jak se zachováte?,C: Snížíte rychlost jízdy a použijete také světelné výstražné znamení.,A: Zajedete co nejblíže k pravému okraji vozovky a zastavíte.,B: Pokračujete v jízdě za nezměněných podmínek.,
3108,06060285,Zvukové výstražné znamení smí řidič ve vztahu k životnímu prostředí použít:,A: Pouze v případech stanovených zákonem.,B: Kdykoliv to uzná za vhodné.,C: Tam kde je to povoleno dopravní značkou.,
3150,06060402,Častou příčinou těžkých nehod na dálnici je:,A: Únava pramenící z nedostatečného odpočinku a následný mikrospánek řidiče.,B: Pomalá jízda.,C: Jízda v jízdním pruhu pro pomalá vozidla.,
3164,06060464,Je velmi horký den. Co můžete jako řidič motocyklu očekávat na silnici?,A: Rozměklý povrch vozovky a v důsledku toho ztížené ovládání vozidla.,B: Zvýšený pohyb zvěře v lesních úsecích.,C: Snížení přilnavosti pneumatik k vozovce vzhledem k jejich vyššímu zahřívání.,
3166,06060461,Řidič vozidla jedoucího před vámi zřejmě zapomněl vypnout znamení o změně směru jízdy vlevo. Jak se zachováte?,B: Nebudete takové vozidlo předjíždět.,A: Upozorníte jej zvukovým výstražným znamením.,C: Upozorníte jej světelným výstražným znamením.,
3173,06060460,"Jedete za autobusem, který zastavuje v zastávce při pravém okraji vozovky. Jak se zachováte?",C: Objedete jej zleva sníženou rychlostí; berete v úvahu možnost zvýšeného pohybu chodců.,"A: Předjedete jej zvýšenou rychlostí dříve než zastaví, abyste nemusel(a) zohledňovat vystupující cestující.",B: Zastavíte těsně za ním.,
3175,06060459,Jedete za pomalu jedoucím vozidlem autoškoly. Jak se zachováte?,B: V klidu a trpělivě pojedete za ním a případně jej na vhodném místě předjedete.,"A: Krátkým přerušovaným rozsvícením dálkových světel jej upozorníte, že omezuje plynulost silničního provozu.",C: Použijete zvukové výstražné znamení a zvýšenou rychlostí jej předjedete.,
3198,06060452,Projíždíte podél pastviny s pasoucím se dobytkem. Měl(a) byste:,A: Předpokládat možnost vběhnutí zvířete do vozovky.,B: Použít zvukové výstražné znamení.,C: Zvýšit rychlost jízdy.,
3199,06060457,Předjíždíte jezdce na koni. Před zahájením předjíždění:,C: Vezmete v úvahu možnost úleku zvířete a jeho vběhnutí do Vaší jízdní dráhy.,A: Zvýšíte rychlost jízdy a použijete světelné výstražné znamení; znamení o změně směru jízdy nepoužijete.,B: Snížíte rychlost jízdy a použijete zvukové výstražné znamení.,
3216,06060483,"Co se rozumí pod pojmem ""defenzivní způsob jízdy""?",A: Počítat s chybami ostatních účastníků provozu na pozemních komunikacích.,B: Trvat na svém právu vyplývajícím ze zákona o provozu na pozemních komunikacích.,C: Opatrně zastavit na každé křižovatce.,
3237,06060506,Je silný dešť důvodem ke snížení rychlosti jízdy?,"A: Ano, může dojít ke ztrátě přilnavosti pneumatik a prodlužuje se i brzdná dráha.","B: Ne, pokud mají pneumatiky alespoň minimální stanovenou hloubku dezénu.","C: Ano, ale jen u vozidel, která nejsou vybavena protiblokovacím systémem brzd (ABS).",
3449,08080003,Chodec na přechodu pro chodce signalizuje úmysl přejít vozovku mávnutím bílou slepeckou holí ve směru přecházení. Jak se zachováte?,A: Snížím rychlost jízdy nebo zastavím vozidlo před přechodem pro chodce a umožním chodci nerušené a bezpečné přejití vozovky.,"B: Budu pokračovat v jízdě, protože nevidomý člověk  bez doprovodu nesmí přecházet vozovku.","C: Zvukovým výstražným znamením dám najevo, že nemůže přecházet přes vozovku a budu pokračovat v jízdě.",
3461,08080025,Při míjení osvětlených vozidel řidič musí:,"A: Sledovat jízdu osvětleného vozidla, vyvarovat se pohledu do rozsvícených světel, aby nedošlo k oslnění a krátkodobému výpadku ostrého vidění.","B: Sledovat jízdu pohledem do rozsvícených světel, k oslnění a krátkodobému výpadku ostrého vidění za tak krátkou dobu pohledu nemůže dojít.",C: Sledovat pouze  vlastní směr jízdy. Chování protijedoucích řidičů není nebezpečím.,
5412,22020010,Řidič vozidla z výhledu:,C: musí předpokládat nečekané vběhnutí chodce do vozovky v místě zastávky autobusu.,"A: porušuje předpisy tím, že objíždí autobus po tramvajovém pásu.",B: nesmí objíždět autobus; zastaví za ním a vyčká jeho odjezdu ze zastávky.,./assets/3441.png
5438,22020035,Řidič vozidla z výhledu:,A: nesmí objíždět autobus; zastaví za ním a vyčká jeho odjezdu ze zastávky.,B: autobus v zastávce objede.,"C: porušuje předpisy tím, že objíždí autobus po tramvajovém pásu.",./assets/3491.png
5495,22100014,Dodržel řidič červeného nákladního automobilu při rychlosti 72 km/h (20m/s) bezpečnou vzdálenost za vozidlem jedoucím před ním?,A: Ne.,B: Ano.,,./assets/3595.png
5499,22100018,Může telefonování za jízdy při použití Handsfree ovlivnit reakční dobu řidiče?,B: Ano.,"A: Ne, reakční doba řidiče při použití Handsfree zůstává stejná a nemá vliv na dráhu pro zastavení vozidla.","C: Ne, závisí pouze na tom s kým telefonuje.",./assets/3599.png
5500,22100019,Je minimální bezpečná vzdálenost mezi jedoucími vozidly zákonem přesně definována v metrech?,"A: Ne, je třeba zvážit všechny možné faktory. Zejména rychlost, technický stav a konstrukci vozidla, klimatické a adhezní podmínky a reakční dobu řidiče.","B: Ano, je třeba dodržet vždy bezpečnou vzdálenost minimálně 20 metrů a u nákladních automobilů a autobusů vždy 30 metrů.","C: Ano, je třeba dodržet vždy bezpečnou vzdálenost minimálně 30 metrů a u nákladních automobilů a autobusů vždy 40 metrů.",./assets/3601.png
5501,22100020,Ovlivní ovládání navigačního systému vozidla za jízdy reakční dobu řidiče nutnou k vyřešení mimořádné události v provozu na pozemních komunikacích?,A: Ano. Řidič se musí plně věnovat řízení vozidla a sledovat situaci v provozu na pozemních komunikacích.,B: Ne. Ovládat navigační systém vozidla za jízdy neprodlužuje reakční dobu řidiče.,,./assets/3603.png
5502,22100021,Ovlivní připojování nabíječky k mobilnímu telefonu za jízdy reakční dobu řidiče nutnou k vyřešení mimořádné události v provozu na pozemních komunikacích?,C: Ano. Řidič se musí plně věnovat řízení vozidla a sledovat situaci v provozu na pozemních komunikacích.,A: Ne. Řidič má povinnost mít ve vozidle zapnutý mobilní telefon.,B: Ne. Pouhé zapojení nabíječky k mobilnímu telefonu nemůže mít vliv na reakční dobu řidiče a ovlivnit tak vyřešení mimořádné události v provozu na pozemních komunikacích.,./assets/3605.png
5503,22100022,Ovlivní používání zkrášlovacích prostředků za jízdy reakční dobu řidiče nutnou ke sledování ařešení situací v provozu na pozemních komunikacích?,A: Ano. Řidič se musí plně věnovat řízení vozidla a sledovat situaci v provozu na pozemních komunikacích.,B: Ne. Protože je důležité dojet do cílové destinace náležitě upraven.,C: Ne. Protože je možné volant držet bezpečně i jednou rukou.,./assets/3607.png
5504,22100023,Může ovlivnit nevhodné obutí řidiče reakční dobu nutnou k vyřešení mimořádné události v provozu na pozemních komunikacích?,B: Ano. Je vhodné používat k řízení obuv nelimitující řidiče při ovládání vozidla. Zejména při krizovém brzdění.,A: Ne. Je důležité dobře vypadat i při řízení motorového vozidla.,C: Ne. Obuv nemá žádný vliv na řízení vozidla.,./assets/3609.png
5505,22100024,Může ovlivnit používání nevhodného obutí za jízdy reakční dobu řidiče nutnou k řešení situací v provozu na pozemních komunikacích?,A: Ano. Je vhodné používat k řízení obuv nelimitující řidiče při ovládání vozidla. Zejména při krizovém brždění.,B: Ne. Obuv nemá žádný vliv na řízení vozidla.,C: Ne. Zejména v letním období je vhodné používat otevřenou obuv.,./assets/3611.png
5506,22100025,Může ovlivnit nevhodně zabezpečené zvíře za jízdy reakční dobu řidiče a čas nutný k vyřešení mimořádné události v provozu na pozemních komunikacích?,"B: Ano. Povinností řidiče je zabezpečit přepravované zvíře tak, aby neohrozilo řidiče a přepravované osoby.",A: Ne. Pokud nepřesahuje 20 cm v kohoutku.,C: Ne. Pokud prošlo náležitým výcvikem a tréninkem zajišťujícím jeho bezproblémové chování za jízdy vozidlem.,./assets/3613.png
5507,22100026,"Za snížené viditelnosti, deště a zhoršených klimatických podmínek je bezpečný odstup za vpředu jedoucím vozidlem?",A: Časový odstup minimálně o 1 sekundu delší než za běžných podmínek.,B: Kratší než za dobré viditelnosti nebo běžných povětrnostních podmínek.,C: Stejný jako za dobré viditelnosti nebo běžných povětrnostních podmínek.,./assets/3615.png
5508,22100027,Nedodržení bezpečné vzdálenosti za vpředu jedoucím vozidlem je v ČR:,C: jednou z nejčastějších příčin vzniku dopravních nehod.,A: jednou z nejméně častých příčin vzniku dopravních nehod.,"B: jedním z faktorů, který nemá na bezpečnost silničního provozu významný vliv.",./assets/3617.png
5509,22100028,"Jakou metodou lze v případě krizové situace minimalizovat brzdnou dráhu na většině povrchů vozovky s vozidlem, které je vybaveno ABS?",C: Prudkým a silným sešlápnutím brzdového pedálu společně se sešlápnutím spojkového pedálu až k podlaze vozidla.,"A: Citlivým zabrzděním, zejména na kluzkých površích, a podřazováním na nižší převodové stupně.",B: Přerušovaným brzděním.,./assets/3619.png
5510,22100029,Jakým způsobem lze určit optimální bezpečnou vzdálenost za vpředu jedoucím vozidlem?,"A: Metodou, při které se údaje vzdálenosti převádí na odhad času. Na začátek je třeba zvolit nějaký pevný bod na okraji pozemní komunikace (například strom). Od okamžiku, kdy vozidlo jedoucí před námi tento bod míjí, začne řidič počítat sekundy. Je-li interval, kdy ke zvolenému bodu přijede vozidlo kratší než 2 sekundy, nejedná se o minimální bezpečnou vzdálenost.",B: Vzdáleností mezi patníky u pozemní komunikace při jakékoliv rychlosti.,"C: Vždy minimálně 20 metrů od předu jedoucího vozidla, přičemž tuto vzdálenost řidičodhadne pomocí pevných bodů u pozemní komunikace.",./assets/3621.png
5511,22100030,"Jakým způsobem systém Front assist (systém zabraňující, nebo snižující následky čelního střetu) pomáhá v krizové situaci?","C: Radarovým senzorem, případně doplněným o obrysovou kameru, umístěným v přední části automobilu vyhodnocuje jeho vzdálenost od překážky a v případě nutnosti aktivuje brzdový systém. Před aktivací brzd upozorní řidiče zvukovým a vizuálním znamením.",A: Kamerou umístěnou v přední části automobilu nahrává viníka dopravní nehody.,B: Zesílením přední části automobilu zmírňuje následky případné dopravní nehody.,./assets/3623.png
5517,22100036,V rámci dodržování bezpečné a defenzivní jízdy (například na dovolenou či služební cestu) by měl řidič vozidla z výhledu ve vyobrazené dopravní situaci:,B: vidět na vozovce minimálně dvě šipky za vpředu jedoucím vozidlem za běžných podmínek a dodržet tak doporučenou bezpečnou vzdálenost jedoucích vozidel.,A: vidět na vozovce minimálně jednu šipku za vpředu jedoucím vozidlem za běžných podmínek a dodržet tak doporučenou bezpečnou vzdálenost jedoucích vozidel.,C: vidět na vozovce minimálně jednu šipku pouze za vpředu jedoucím osobním vozidlem za běžných podmínek.,./assets/3633.png
5518,22100037,Systém ESC (ESP):,C: Systém který pomáhá stabilizovat vozidlo při začínajícím smyku.,A: Udržuje vozidlo v jízdních pruzích.,B: Zajišťuje vyšší brzdný účinek automobilu.,./assets/3635.png
5519,22100038,Airbag:,A: Plní svou funkci pouze při řádném užití bezpečnostních pásů.,B: Plně nahrazuje funkci bezpečnostních pásů.,C: Aktivuje se pouze při zapnutí bezpečnostního pásu.,./assets/3637.png
5521,22100040,Ovlivní používání zkrášlovacích prostředků za jízdy reakční dobu řidiče nutnou ke sledování a řešení situací v provozu na pozemních komunikacích?,A: Ano. Řidič se musí věnovat plně řízení vozidla a sledovat situace v provozu na pozemních komunikacích.,B: Ne. Je důležité přijet do cílové destinace řádně a náležitě upraven/upravena.,C: Ne. Při řazení rychlostních stupňů také nemusím držet volant oběma rukama.,./assets/3641.png
5522,22100041,Ovlivní konzumace potravin za jízdy reakční dobu řidiče nutnou k vyřešení mimořádné události v provozu na pozemních komunikacích?,B: Ano. Řidič se musí věnovat plně řízení vozidla a sledovat situaci v provozu na pozemních komunikacích.,A: Ne. Konzumace potravin není zakázána.,C: Ne. Pokud konzumuje lehkou a vyváženou stravu.,./assets/3643.png
5556,23030030,Při přepravě dětí a jejich umístění do dětské autosedačky je důležité zejména dbát na:,"B: Výšku přepravovaného dítěte, která má zásadní vliv na polohu bezpečnostního pásu, ten nikdy nesmí vést přes krk dítěte.",A: Dostatečnou hmotnost přepravovaného dítěte a jeho neustálého kontaktu dolních končetin s podlahou vozidla.,"C: Umístění dětské autosedačky pouze za sedadlem spolujezdce, tedy vzadu vpravo. Jiná sedadla ve vozidle nejsou vybavena systémem ISOFIX.",./assets/3703.png
5560,23030032,Kdy je nutné vypnout čelní airbag před sedadlem spolujezdce s ohledem na přepravu dětí v zádržném systému?,"A: Bezpodmínečně pokaždé, když je dítě přepravováno v dětském zádržném systému čelem proti směru jízdy automobilu (tzv. vajíčko/protisměrná dětská autosedačka). V případě zádržných systémů instalovaných ve směru jízdy vozidla se airbag nevypíná, ale doporučuje se posunout sedadlo s dětskou autosedačkou směrem dozadu od čelního airbagu.","B: Pokud mám na dětském zádržném systému použitém čelem proti směru jízdy automobilu (na tzv. vajíčku) ochranné madlo, není nutné čelní airbag vypínat.",C: V případě umístění dětské autosedačky na přední sedadlo zůstává tento bezpečnostní prvek vždy aktivní.,./assets/3711.png
5565,23060004,Při průjezdu levotočivé zatáčky s ohledem na zásady bezpečné jízdy řidič motocyklu,"B: neměl by tělem přesahovat podélnou čáru souvislou, aby předcházel rizikovým situacím.","A: může tělem přesahovat do protisměrného jízdního pruhu, nesmí přesáhnout podélnou čáru souvislou koly motocyklu.","C: může tělem přesahovat do protisměrného jízdního pruhu, jelikož může kdykoli narovnat motocykl, vyhnout se překážce a následně pokračovat v průjezdu zatáčkou.",
5566,23060005,Pro optimální průjezd pravotočivou zatáčkou s ohledem na zásady bezpečné jízdy najíždí řidič motocyklu do zatáčky,"A: do levé části svého jízdního pruhu, má tak větší poloměr při průjezdu zatáčkou a dříve tak vidí do zatáčky.","B: v pravé části svého jízdního pruhu, má tak větší poloměr při průjezdu zatáčkou a dříve tak vidí do zatáčky.","C: ke středu svého jízdního pruhu, má tak menší poloměr při průjezdu zatáčkou, není nutné, aby viděl co nejdále do zatáčky.",
5574,23060012,S jakým rizikem může řidič počítat při jízdě za označeným výcvikovým vozidlem autoškoly?,"B: S tím, že vozidlo autoškoly může doprovázet žadatele o ŘO na motocyklu při výcviku nebo při závěrečných zkouškách.",A: S žádným rizikem. Nemusí brát ohled na tyto účastníky silničního provozu.,C: Nemusí brát zřetel na žádné zvýšené riziko.,./assets/3739.png
5581,23060019,Mezi prvky pasivní bezpečnosti při jízdě na motocyklu patří:,"C: přilba, ochranná bunda, rukavice, ochranné kalhoty a pevná kotníková obuv.",A: čistá zpětná zrcátka.,"B: prvky, které zvyšují komfort řidiče při řízení, např.: vyhřívané rukojeti, nastavitelný štít, volitelné nastavení tlumičů pérování.",
5591,23060029,"Jedete za dvěma motocykly, jejichž řidiči používají označení “L” (autoškola). Je vzhledem k bezpečnosti silničního provozu vhodné se zařazovat při předjíždění mezi tato vozidla?","B: Ne. Zákon o silničním provozu to sice nezakazuje, avšak nepřispěje to ke zvýšení bezpečnosti silničního provozu.",A: Ano. Navíc to přispěje ke zvýšení plynulosti silničního provozu.,C: Zařazování se mezi tato vozidla při předjíždění nemá žádný negativní vliv na bezpečnost provozu.,./assets/3753.png
5592,23060030,Smí řidič vozidla z výhledu přejíždět podélnou čáru souvislou při předjíždění cyklisty?,C: Ano.,"A: Ne, řidič nesmí předjíždět, jelikož vodorovnou dopravní značku podélnou čáru souvislou je zakázáno přejíždět nebo ji nákladem přesahovat.","B: Ano, ale pouze v obci.",./assets/3755.png
5601,23060039,"Při vyhýbání se překážce na motocyklu, směřuje pohled řidiče:","B: Dopředu ve směru, kam chce řidič jet.","A: Na překážku, které se chce řidič vyhnout.",C: Stále na jeden statický bod.,
5602,23060040,Při otáčení se s motocyklem se řidič dívá:,"A: Do směru, kam se otáčí.",B: Do směru před motocykl.,C: Na pohledu řidiče nezáleží.,
5603,23060041,Při průjezdu zatáčkou na motocyklu:,B: Zůstávají obě dvě nohy na stupačkách.,"A: Pokud je zatáčka pravotočivá, pomáhá si řidič kontaktem pravého chodidla nohy se zemí.","C: Pokud je zatáčka pravotočivá, pomáhá si řidič kontaktem levého chodidla nohy se zemí.",./assets/3771.png
5604,23060042,Při průjezdu mírné zatáčky na motocyklu:,A: Zatáčku projíždíme pod mírným plynem.,B: Zatáčku projíždíme za současného „vymáčknutí“ páčky spojky.,C: Zatáčku projíždíme za současného přibrzďování předního kola.,./assets/3773.png
5605,23060043,Při průjezdu mírné zatáčky na motocyklu:,C: Je vhodné její projetí při rovnoměrném dávkování „plynu“.,"A: Je vhodné její projetí bez ""plynu“.",B: Je vhodné její projetí při výrazném zvyšování dávkování „plynu“.,./assets/3775.png
5606,23060044,Řidič motocyklu před zastavením:,A: Nejprve dobrzdí a teprve poté pokládá nohu na zem.,B: Nejprve pokládá nohu na zem a poté dobrzdí.,C: Nohu pokládá na zem s dostatečným předstihem před zastavením motocyklu.,
5611,24030001,"Co se rozumí pod pojmem ""defenzivní jízda""?","A: Takový způsob jízdy, kdy se snažíme splynout se silničním provozem, k ostatním účastníkům silničního provozu se chováme ohleduplně,ukázněně a předvídáme i jejich možné chyby.","B: Takový způsob jízdy, ve kterém jde hlavně o to, abychom byli všude co nejrychleji a udělali co nejméně chyb.","C: Takový způsob jízdy, ve kterém soutěžíme s ostatními účastníky provozu o to, kdo je lepší řidič.",
5679,24070024,Mezi prvky aktivní bezpečnosti při jízdě na motocyklu patří:,"B: Kvalitní pneumatiky s dostatečným vzorkem dezénu, asistenční systémy, čistota světel a zpětných zrcátek.","A: Přilba, ochranná bunda, rukavice, ochranné kalhoty a pevná kotníková obuv.",,
