code,change_date,question,media,right_answer,first_wrong_answer,second_wrong_answer
[06040193],(31.12.2015),"Jak se zachováte v místě, kde je tato výstražná dopravní značka?",/Vestnik/GetImageQuestion/0038.jpg,"Přizpůsobím jízdu tomu, že se vozovka oproti předcházejícímu úseku výrazně zužuje, a to z obou stran","Nezměním způsob jízdy ani chování, protože není důvod očekávat změnu dopravní situace.","Zvýším rychlost jízdy, abych byl co nejrychleji z místa zúžení."
[06040194],(03.01.2016),Tato dopravní značka označuje:,/Vestnik/GetImageQuestion/P2_6328164310901.gif,Hlavní pozemní komunikaci,Vedlejší pozemní komunikaci.,Konec hlavní pozemní komunikace.
[06050074],(07.05.2006),Vyobrazená dopravní značka:,/Vestnik/GetImageQuestion/C5a_6327828831158_6328260602360.gif,Přikazuje řidiči motorového vozidla o třech a více kolech pokračovat v jízdě až po nasazení sněhových řetězů na nejméně dvě hnací kola.,Doporučuje řidiči motorového vozidla o třech a více kolech pokračovat v jízdě až po nasazení sněhových řetězů.,Zakazuje vjezd vozidlům s nasazenými sněhovými řetězy.
[06050156],(31.12.2015),Tato značka upozorňuje na:,/Vestnik/GetImageQuestion/0041_6328287161868.swf.mp4,"Místo,kde se vozovka oproti předcházejícímu úseku výrazně zužuje, a to z obou stran.","Místo, kde se vozovka oproti předcházejícímu úseku výrazně zužuje z jedné strany.","Místo, kde při souběžné jízdě platí střídavé řazení do jízdního proudu průběžného pruhu."
[06050200],(31.12.2015),Tato dopravní značka:,/Vestnik/GetImageQuestion/A11_6328330438753.jpg,"Upozorňuje na přechod pro chodce, který by řidič jinak neočekával a který není viditelný z dostatečné vzdálenosti.",Upozorňuje na místo nebo úsek pozemní komunikace s možností zvýšeného výskytu chodců anebo častého přecházení chodců přes pozemní komunikaci.,"Upozorňuje na místo nebo úsek pozemní komunikace, v jejichž blízkosti se chodci často pohybují nebo shromažďují, přecházejí vozovku, nebo kde hrozí zvýšené nebezpečí jejich nenadálého vběhnutí do vozovky."
[06050201],(31.12.2015),Tato dopravní značka:,/Vestnik/GetImageQuestion/A8 _6328330430524.jpg,"Upozorňuje na místo nebo úsek pozemní komunikace, kde může dojít ke smyku vozidla i za neztížených povětrnostních podmínek.","Upozorňuje na dvě nebo více po sobě následujících zatáček (směrových oblouků), z nichž první je vlevo, a jejichž bezpečné projetí vyžaduje výrazné snížení rychlosti jízdy.","Upozorňuje na místo nebo úsek pozemní komunikace, kde může dojít ke smyku vozidla za ztížených povětrnostních podmínek, například za deště nebo sněžení."
[06050202],(31.12.2015),Tato dopravní značka:,/Vestnik/GetImageQuestion/A6a_6328330157071.jpg,"Upozorňuje na místo, kde se vozovka oproti předcházejícímu úseku výrazně zužuje, a to z obou stran.","Upozorňuje na místo, kde se vozovka oproti předcházejícímu úseku výrazně rozšiřuje, a to z obou stran.","Upozorňuje na místo, kde se snižuje počet jízdních pruhů a kde při souběžné jízdě platí střídavé řazení do jízdního proudu."
[06050203],(31.12.2015),Tato dopravní značka:,/Vestnik/GetImageQuestion/A10_6328330435820.jpg,"Upozorňuje na místo, kde je provoz na pozemní komunikaci řízen světelnými signály, které by řidič jinak neočekával, nebo které nejsou s ohledem na místní podmínky viditelné z dostatečné vzdálenosti.","Upozorňuje na železniční přejezd, který je vybaven přejezdovým zabezpečovacím zařízením, které by řidič jinak neočekával.","Upozorňuje na každou křižovatku, na které je provoz řízen světelnými signály."
[06050204],(31.12.2015),Tato dopravní značka:,/Vestnik/GetImageQuestion/A2b_6328330145246.jpg,"Upozorňuje na dvě nebo více po sobě následujících zatáček (směrových oblouků), z nichž první je vlevo, a jejichž bezpečné projetí vyžaduje výrazné snížení rychlosti jízdy.","Upozorňuje na dvě nebo více po sobě následujících zatáček (směrových oblouků), z nichž první je vpravo, a jejichž bezpečné projetí vyžaduje výrazné snížení rychlosti jízdy.","Upozorňuje na zatáčku (směrový oblouk) vpravo, jehož bezpečné projetí vyžaduje výrazné snížení rychlosti jízdy."
[06050205],(31.12.2015),Tato dopravní značka upozorňuje na místo nebo úsek pozemní komunikace:,/Vestnik/GetImageQuestion/A12_6328330440401.jpg,"V jejichž blízkosti se děti často pohybují nebo shromažďují, přecházejí vozovku, nebo kde hrozí zvýšené nebezpečí jejich nenadálého vběhnutí do vozovky.","S předpokladem zvýšeného výskytu chodců anebo častého přecházení chodců přes pozemní komunikaci v místě, kde není zřízen přechod pro chodce, např. v místě pro přecházení.",Kde se nachází zastávka autobusu přepravujícího děti a kde je řidič povinen dbát zvýšené opatrnosti vůči nebezpečí jejich nenadálého vběhnutí do vozovky.
[06050206],(02.01.2016),Tato dopravní značka:,/Vestnik/GetImageQuestion/A23_6328330460954.jpg,Upozorňuje na nebezpečí výskytu kolony stojících nebo pomalu jedoucích vozidel.,"Upozorňuje na místo, kde při souběžné jízdě platí střídavé řazení do jízdního proudu průběžného pruhu.",Upozorňuje na bezpečný odstup mezi vozidly jedoucími v koloně.
[06050207],(07.08.2024),Tato dopravní značka:,/Vestnik/GetImageQuestion/A24_6328330462834.jpg,Upozorňuje na úsek se zvýšeným nebezpečím výskytu náledí na vozovce.,Upozorňuje řidiče motorového vozidla o třech a více kolech na povinnost pokračovat v jízdě až po nasazení sněhových (protiskluzových) řetězů na nejméně dvě hnací kola.,"Přikazuje řidiči motorového vozidla kategorie M nebo N, aby pokračoval v jízdě jen při splnění podmínek stanovených zákonem pro provoz vozidel v zimním období, a to bez ohledu na datum a aktuální nebo předpokládané povětrnostní podmínky."
[06050208],(02.01.2016),Tato dopravní značka:,/Vestnik/GetImageQuestion/A1a_6328331612165.jpg,"Upozorňuje řidiče na zatáčku (směrový oblouk) vpravo, jehož bezpečné projetí vyžaduje výrazné snížení rychlosti jízdy.",Vyznačuje skutečný tvar hlavní pozemní komunikace.,Označuje zejména nebezpečnou zatáčku a usměrňuje provoz ve směru šipky.
[06050209],(02.01.2016),Tato dopravní značka:,/Vestnik/GetImageQuestion/A26_6328330466618.jpg,Upozorňuje na nebezpečí výskytu mlhy nebo kouře.,"Upozorňuje na místo, hromadné dopravní nehody.","Upozorňuje na vjezd do tunelu, kde kromě obecných pravidel provozu na pozemních komunikacích platí zvláštní pravidla pro provoz v tunelu."
[06050210],(02.01.2016),Tato dopravní značka:,/Vestnik/GetImageQuestion/A25_6328330464935.jpg,"Upozorňuje na místo, kde tramvaj křižuje směr jízdy ostatních vozidel.","Upozorňuje na místo, kde má řidič povinnost dát přednost v jízdě tramvaji, a to zejména mimo křižovatku.","Upozorňuje na místo nebo úsek pozemní komunikace, kde je povolena jízda podél tramvaje vlevo."
[06050211],(02.01.2016),Tato dopravní značka:,/Vestnik/GetImageQuestion/A19_6328330454937.jpg,"Upozorňuje na místo, kde cyklisté vjíždějí na vozovku nebo ji přejíždějí, anebo na úsek, kde se cyklisté často vyskytují.",Zakazuje vjezd cyklistům a jízdu na jízdním kole. Vedení jízdního kola cyklistou je povoleno.,Přikazuje cyklistům užít v daném směru takto označeného pruhu nebo stezky.
[06050212],(02.01.2016),Tato dopravní značka:,/Vestnik/GetImageQuestion/A19_6328332008906.jpg,"Upozorňuje na místo, kde cyklisté vjíždějí na vozovku nebo ji přejíždějí, anebo na úsek, kde se cyklisté často vyskytují.",Vyznačuje pruh nebo stezku pro cyklisty.,Označuje místo určené pro cyklisty čekající na světelný signál „Volno“.
[06050213],(31.12.2015),Tato dopravní značka upozorňuje na:,/Vestnik/GetImageQuestion/A15_6328330445826.jpg,"Práci na pozemní komunikaci nebo v jejím bezprostředním okolí, která by mohla ohrozit bezpečnost provozu na pozemních komunikacích nebo při níž by mohli být provozem ohroženi pracovníci tuto činnost vykonávající.","Místo nebo úsek pozemní komunikace, kde může docházet k časté nakládce a vykládce vozidel správce pozemní komunikace.","Místo nebo úsek pozemní komunikace, kde může docházet k častému pohybu hrajících si dětí."
[06050214],(31.12.2015),Tato dopravní značka:,/Vestnik/GetImageQuestion/A16_6328330447818.jpg,"Upozorňuje na místo s nebezpečím náhlého poryvu bočního větru, který může ohrozit bezpečnost provozu na pozemních komunikacích.","Upozorňuje na místo, v jehož blízkosti je umístěn větrný rukáv, z jehož pohybu je patrný směr a síla větru.","Upozorňuje na místo, v jehož blízkosti je letiště, kde v malé výšce nad pozemní komunikací přelétávají letadla."
[06050215],(31.12.2015),Tato dopravní značka:,/Vestnik/GetImageQuestion/A9 _6328330433182.jpg,"Upozorňuje na úsek pozemní komunikace, kde je na rozdíl od předcházejícího úseku provoz vozidel veden dočasně nebo trvale v obou směrech.","Upozorňuje na úsek pozemní komunikace, kde je provoz veden střídavě v obou směrech.","Upozorňuje na úsek pozemní komunikace, kde je řidič povinen dát přednost v jízdě protijedoucímu vozidlu v případě, kdy se protijedoucí vozidla nemohou bezpečně vyhnout."
[06050216],(31.12.2015),"Tato dopravní značka upozorňuje na místo nebo úsek pozemní komunikace, kde:",/Vestnik/GetImageQuestion/A14_6328330443803.jpg,"Může docházet k častému výskytu divoké zvěře na pozemní komunikaci, přičemž na značce může být použít i jiný určený symbol volně žijícího živočicha.","Může docházet k častému výskytu domácích zvířat na pozemní komunikaci, přičemž na značce může být použít i jiný určený symbol zvířete.",Platí zákaz používání výstražných zvukových znamení z důvodu ochrany divoké zvěře.
[06050217],(31.12.2015),Tato dopravní značka:,/Vestnik/GetImageQuestion/A3 _6328330147992.jpg,"Upozorňuje na křižovatku, kde na rozdíl od svého předcházejícího průběhu již není pozemní komunikace hlavní a uplatňuje se zde ustanovení o přednosti v jízdě vozidel přijíždějících zprava.","Upozorňuje předem na křižovatku, kde je přednost v jízdě upravena dopravními značkami.","Upozorňuje na jednokolejný železniční přejezd. Je-li řidič povinen před železničním přejezdem zastavit vozidlo, zastaví před touto značkou."
[06050218],(31.12.2015),Tato dopravní značka upozorňuje:,/Vestnik/GetImageQuestion/A2a_6328330143214.jpg,"Na dvě nebo více po sobě následujících zatáček (směrových oblouků), z nichž první je vpravo, a jejichž bezpečné projetí vyžaduje výrazné snížení rychlosti jízdy.","Na zatáčku (směrový oblouk) vpravo, jehož bezpečné projetí vyžaduje výrazné snížení rychlosti jízdy.","Na dvě nebo více po sobě následujících zatáček (směrových oblouků), z nichž první je vlevo, a jejichž bezpečné projetí vyžaduje výrazné snížení rychlosti jízdy."
[06050219],(31.12.2015),Tato výstražná dopravní značka:,/Vestnik/GetImageQuestion/A17_6328330449667.jpg,"Upozorňuje na místo nebo úsek pozemní komunikace, kde se na vozovce vyskytuje volný štěrk, který by mohl ohrozit bezpečnost účastníků provozu na pozemních komunikacích.","Upozorňuje na místo nebo úsek pozemní komunikace, kde řidič musí dbát zvýšené opatrnosti vůči ostatním účastníkům provozu na pozemních komunikacích vzhledem k častému výskytu vodních kaluží.","Upozorňuje na místo nebo úsek pozemní komunikace, kde se může vlivem sesuvů nebo padání kamenů na pozemní komunikaci vyskytovat kamení nebo zemina."
[06050221],(02.01.2016),Tato dopravní značka:,/Vestnik/GetImageQuestion/A22_6328330458754.jpg,"Upozorňuje na jiné nebezpečí než to, které je možno označit příslušnou výstražnou značkou.","Upozorňuje na změnu místní úpravy provozu na pozemních komunikacích, změnu v organizaci dopravy, neobvyklé stavební uspořádání pozemní komunikace, místo s častým výskytem nehod apod.","Železniční přejezd, který není označen jinými dopravními značkami."
[06050222],(31.12.2015),Tato dopravní značka:,/Vestnik/GetImageQuestion/A7b_6328330428829.jpg,"Upozorňuje na umělou nerovnost na vozovce, jejímž účelem je zejména snížení rychlosti jedoucích vozidel.","Upozorňuje na hrboly, výtluky, díry a jiné nerovnosti ve vozovce nebo na úsek s nerovným povrchem vozovky, vyžadující zvýšenou opatrnost nebo výrazné snížení rychlosti jízdy.",Upozorňuje na nerovnosti ve vozovce nebo na úsek s nerovným povrchem vozovky způsobeným vyjetými kolejemi.
[06050223],(02.01.2016),Tato dopravní značka:,/Vestnik/GetImageQuestion/A20_6328330456829.jpg,"Upozorňuje na místo, kde v malé výšce nad pozemní komunikací přelétávají letadla.",Informuje o jiném cíli než obci nebo její části. Za jiný cíl se ve vyobrazeném případě považuje letiště.,Upozorňuje na úsek pozemní komunikace směřující na nechráněné letiště.
[06050224],(31.12.2015),Tato dopravní značka:,/Vestnik/GetImageQuestion/A1a_6328329804424.jpg,"Upozorňuje na zatáčku (směrový oblouk) vpravo, jehož bezpečné projetí vyžaduje výrazné snížení rychlosti jízdy.","Upozorňuje na nebezpečnou zatáčku, v níž musí řidič výrazně snížit rychlost jízdy, a usměrňuje provoz ve směru šipky.","Upozorňuje na zatáčku (směrový oblouk) vlevo, jehož bezpečné projetí vyžaduje výrazné snížení rychlosti jízdy."
[06050225],(31.12.2015),"Tato dopravní značka upozorňuje na místo nebo úsek pozemní komunikace, kde:",/Vestnik/GetImageQuestion/A13_6328330442023.jpg,"Může docházet k častému výskytu domácích zvířat na pozemní komunikaci, přičemž na značce může být použít i jiný určený symbol zvířete.","Může docházet k častému výskytu divoké zvěře na pozemní komunikaci, přičemž na značce může být použít i jiný určený symbol volně žijícího živočicha.",Platí zákaz hnaní domácích zvířat po pozemní komunikaci.
[06050241],(03.01.2016),"Tato dopravní značka zakazuje vjezd vozidel, jejichž:",/Vestnik/GetImageQuestion/B15_6328336446153.jpg,Okamžitá šířka včetně nákladu a zpětných zrcátek je větší než údaj uvedený na značce.,Okamžitá délka včetně nákladu a příslušenství vozidla je větší než údaj uvedený na značce.,Okamžitá výška včetně nákladu je větší než údaj uvedený na značce.
[06050242],(03.01.2016),Tato dopravní značka:,/Vestnik/GetImageQuestion/B7_6328336429456.jpg,Zakazuje vjezd motocyklům.,Umožňuje vjezd motocyklům.,Zakazuje jen vjezd motocyklům s postranním vozíkem.
[06050252],(03.01.2016),Tato dopravní značka:,/Vestnik/GetImageQuestion/B5_6328336426084.jpg,Zakazuje vjezd autobusům.,Označuje zastávku autobusu linkové osobní dopravy.,"Zakazuje vjezd všem motorovým vozidlům, s výjimkou autobusů."
[06050253],(03.01.2016),Tato dopravní značka:,/Vestnik/GetImageQuestion/B5_6328338640736.jpg,Zakazuje vjezd autobusů.,Označuje zastávku autobusu městské hromadné dopravy.,Zakazuje vjezd autobusů městské hromadné dopravy.
[06050255],(03.01.2016),Tato dopravní značka:,/Vestnik/GetImageQuestion/B12_6328336441018.jpg,Zakazuje vjezd vozidlům vyznačených druhů.,Povoluje vjezd  vozidlům vyznačených druhů. Nevyznačená vozidla mají vjezd zakázán.,Zakazuje vjezd všem motorovým i nemotorovým vozidlům.
[06050256],(03.01.2016),Zákaz vjezdu podle vyobrazené dopravní značky platí pro:,/Vestnik/GetImageQuestion/B11_6328336437024.jpg,Všechna motorová vozidla.,Vozidla vyznačených druhů.,Všechna vozidla.
[06050257],(03.01.2016),Tato dopravní značka zakazuje:,/Vestnik/GetImageQuestion/B13_6328336442712.jpg,"Vjezd vozidel, jejichž okamžitá hmotnost přesahuje údaj uvedený na značce.","Vjezd vozidel, jejichž okamžitá hmotnost připadající na nápravu přesahuje údaj uvedený na značce.","Vjezd vozidel, jejichž nejvyšší dovolená hmotnost přesahuje vyznačenou mez."
[06050258],(03.01.2016),Tato dopravní značka:,/Vestnik/GetImageQuestion/B16_6328336447914.jpg,"Zakazuje vjezd vozidel, jejichž okamžitá výška včetně nákladu je vyšší než údaj uvedený na značce.",Upozorňuje na výšku nadcházejícího podjezdu s vyznačením hodnoty.,"Zakazuje vjezd vozidel, jejichž výška  je vyšší než údaj uvedený na značce, a to bez ohledu na náklad."
[06050259],(16.05.2006),Co znamená tato dopravní značka?,/Vestnik/GetImageQuestion/0210_6328339289692.swf.mp4,"""Parkoviště"" (stání na chodníku podélné).","""Parkoviště"" (stání na chodníku kolmé nebo šikmé).","""Parkoviště"" (částečné stání na chodníku)."
[06050260],(03.01.2016),Označte správný význam značky:,/Vestnik/GetImageQuestion/B28_6328338273167.jpg,"Zakazuje zastavení  tj. uvedení vozidla do klidu, kromě případů vyvolaných okolnostmi v provozu na pozemních komunikacích jako je např. stojící kolona vozidel apod.","Zakazuje stání, tj. uvedení vozidla do klidu na dobu delší, než je doba nezbytně nutná k neprodlenému nastoupení nebo vystoupení přepravovaných osob nebo k neprodlenému naložení a vyložení nákladu.",Ukončuje platnost zákazu stání.
[06050261],(03.01.2016),Tato dopravní značka:,/Vestnik/GetImageQuestion/B31_6328336485182.jpg,Zakazuje jezdci na zvířeti vjet se zvířetem na pozemní komunikaci za značkou; zákaz platí i pro vedení nebo hnaní takového zvířete.,Přikazuje jezdci na zvířeti užít takto označené pozemní komunikace nebo stezky; příkaz platí i pro i pro vedení nebo hnaní takového zvířete.,Označuje stezku pro jezdce na zvířeti; ostatním účastníkům provozu na pozemních komunikacích je její užívání zakázáno.
[06050262],(21.01.2016),Tato dopravní značka:,/Vestnik/GetImageQuestion/B30_6328336483089.jpg,Zakazuje chodcům vstoupit na pozemní komunikaci nacházející se v prostoru za značkou.,"Upozorňuje na místo nebo úsek pozemní komunikace s možností zvýšeného výskytu chodců anebo častého přecházení chodců přes pozemní komunikaci v místě, kde není zřízen přechod pro chodce.",Přikazuje chodcům užít v daném směru takto označené stezky. Ostatním účastníkům provozu na pozemních komunikacích je její užívání zakázáno.
[06050263],(03.01.2016),Tato dopravní značka:,/Vestnik/GetImageQuestion/B23a_6328336460770.jpg,Zakazuje užívání výstražných zvukových znamení.,Ukončuje platnost značky „Zákaz výstražných zvukových znamení“.,Zakazuje užívání  všech výstražných znamení.
[06050264],(03.01.2016),Tato dopravní značka:,/Vestnik/GetImageQuestion/B25_6328336472037.jpg,Zakazuje otáčení.,"Upozorňuje na úsek, kde se otáčejí vozidla zimní údržby.",Ukončuje platnost zákazu otáčení.
[06050269],(03.01.2016),Tato dopravní značka:,/Vestnik/GetImageQuestion/B24b_6328336465856.jpg,"Zakazuje odbočování vlevo na nejbližší křižovatce, na účelovou komunikaci v místě jejího připojení nebo na místo ležící mimo pozemní komunikaci.","Ukončuje zákaz odbočování vlevo na nejbližší křižovatce, na účelovou komunikaci v místě jejího připojení nebo na místo ležící mimo pozemní komunikaci. .","Zakazuje odbočování vpravo na nejbližší křižovatce, na účelovou komunikaci v místě jejího připojení nebo na místo ležící mimo pozemní komunikaci."
[06050270],(03.01.2016),Tato dopravní značka:,/Vestnik/GetImageQuestion/B22b_6328336459151.jpg,Ukončuje platnost značky „Zákaz předjíždění pro nákladní automobily“.,"Ukončuje platnost všech zákazů, které jsou stanoveny pro jedoucí vozidla.",Zakazuje řidiči nákladního automobilu o nejvyšší povolené hmotnosti převyšující 3500 kg předjíždět motorové vozidlo vlevo.
[06050271],(03.01.2016),Tato značka:,/Vestnik/GetImageQuestion/B24a_6328336464139.jpg,"Zakazuje odbočování vpravo na nejbližší křižovatce, na účelovou komunikaci v místě jejího připojení nebo na místo ležící mimo pozemní komunikaci.","Zakazuje odbočování vlevo na nejbližší křižovatce, na účelovou komunikaci v místě jejího připojení nebo na místo ležící mimo pozemní komunikaci.","Ukončuje platnost zákazu odbočování vpravo na nejbližší křižovatce, na účelovou komunikaci v místě jejího připojení nebo na místo ležící mimo pozemní komunikaci."
[06050274],(03.01.2016),Tato značka:,/Vestnik/GetImageQuestion/B29_6328336481439.jpg,"Zakazuje stání, tj. uvedení vozidla do klidu na dobu delší, než je doba nezbytně nutná k neprodlenému nastoupení nebo vystoupení přepravovaných osob nebo k neprodlenému naložení a vyložení nákladu.","Zakazuje zastavení nebo stání, tj. uvedení vozidla do klidu, kromě případů vyvolaných okolnostmi v provozu na pozemních komunikacích jako je např. stojící kolona vozidel apod.","Ukončuje platnost zákazu zastavení na dobu delší, než je doba nezbytně nutná k neprodlenému nastoupení nebo vystoupení přepravovaných osob nebo k neprodlenému naložení a vyložení nákladu."
[06050277],(31.12.2015),Tato dopravní značka:,/Vestnik/GetImageQuestion/A5a_6328330152948.jpg,"Upozorňuje na úsek pozemní komunikace, kde místní podmínky činí klesání nebezpečným. Na značce se uvádí skutečný nejvyšší podélný sklon vozovky.","Upozorňuje na klesající úsek pozemní komunikace, kde lze při sníženém účinku brzd, zastavit vozidlo pomocnými prostředky, například protisvahem, hrubým štěrkovým povrchem apod. Na značce se uvádí skutečný nejvyšší podélný sklon vozovky.",Upozorňuje na úsek pozemní komunikace s prudkým stoupáním. Na značce se uvádí skutečný nejvyšší podélný sklon vozovky.
[06050280],(03.01.2016),Tato dopravní značka:,/Vestnik/GetImageQuestion/B9_6328336433957.jpg,Zakazuje vjezd potahových vozidel.,Zakazuje jezdci na zvířeti vjet se zvířetem na pozemní komunikaci za značkou.,Zakazuje vedení nebo hnaní zvířete na pozemní komunikaci za značkou.
[06050290],(03.01.2016),Tato dopravní značka:,/Vestnik/GetImageQuestion/B8_6328336431715.jpg,Zakazuje vjezd cyklistům a jízdu na jízdním kole. Vedení jízdního kola cyklistou je povoleno.,Zakazuje vjezd všem vozidlům s výjimkou cyklistů.,Přikazuje cyklistům užít v daném směru takto označené stezky.
[06050295],(31.12.2015),Tato dopravní značka:,/Vestnik/GetImageQuestion/A2b_6327619682482.gif,"Upozorňuje na dvě nebo více po sobě následujících zatáček (směrových oblouků), z nichž první je vlevo, a jejichž bezpečné projetí vyžaduje výrazné snížení rychlosti jízdy.","Upozorňuje na místo nebo úsek pozemní komunikace, kde může dojít ke smyku vozidla i za neztížených povětrnostních podmínek.","Upozorňuje na dvě nebo více po sobě následujících zatáček (směrových oblouků), z nichž první je vpravo, a jejichž bezpečné projetí vyžaduje výrazné snížení rychlosti jízdy."
[06050347],(18.05.2006),"Která z vyobrazených dodatkových tabulek vyznačuje směr k místu, ke kterému se vztahuje dopravní značka, pod kterou je tato tabulka umístěna:",,.,.,.
[06050348],(04.01.2016),Která z vyobrazených dopravních značek zakazuje řidiči jet rychlostí 40 km/h:,,.,.,.
[06050361],(18.05.2006),Která z vyobrazených dopravních značek označuje hlavní pozemní komunikaci.,,.,.,.
[06050371],(03.01.2016),Tato značka:,/Vestnik/GetImageQuestion/B18_6328349597996.gif,"Zakazuje vjezd vozidlům, která přepravují výbušniny, snadno hořlavý nebo jinak nebezpečný náklad.","Zakazuje vjezd vozidel nebo jízdních souprav přepravujících sypké materiály, které nemají zakrytý nákladový prostor.","Zakazuje vjezd vozidlům přepravujícím ropu nebo ropné materiály nebo jiné látky, které by mohly způsobit ohrožení životního prostředí, zejména znečištění vody."
[06050374],(02.01.2016),Tato dopravní značka:,/Vestnik/GetImageQuestion/A1a_6328349626376.jpg,"Upozorňuje řidiče na zatáčku (směrový oblouk) vpravo, jehož bezpečné projetí vyžaduje výrazné snížení rychlosti jízdy.","Upozorňuje řidiče na dvě nebo více po sobě následujících zatáček (směrových oblouků), z nichž první je vpravo, a jejichž bezpečné projetí vyžaduje výrazné snížení rychlosti jízdy.","Upozorňuje řidiče na zatáčku (směrový oblouk) vlevo, jehož bezpečné projetí vyžaduje výrazné snížení rychlosti jízdy."
[06050375],(02.01.2016),Tato dopravní značka:,/Vestnik/GetImageQuestion/A4 _6328349653729.jpg,Upozorňuje v odůvodněných případech na křižovatku s kruhovým objezdem.,Přikazuje jízdu po křižovatce s kruhovým objezdem ve směru šipek na značce zobrazených.,Označuje dopravní okruh zřízený pro objíždění obce nebo její části.
[06050381],(30.01.2023),"Která z vyobrazených dodatkových tabulek vyznačuje úsek platnosti dopravní značky, pod kterou je umístěna:",,E 8d,E 2C,E 7b
[06050390],(02.01.2016),Tato dopravní značka řidiče:,/Vestnik/GetImageQuestion/A7b_6328349542506.gif,"Upozorňuje na umělou nerovnost na vozovce, jejímž účelem je zejména snížení rychlosti jedoucích vozidel.","Upozorňuje na hrboly, výtluky, díry a jiné nerovnosti ve vozovce nebo na úsek s nerovným povrchem vozovky, vyžadující zvýšenou opatrnost nebo výrazné snížení rychlosti jízdy.","Bezprostředně označuje umělou nerovnost na vozovce, jejímž účelem je snížení rychlosti jedoucích vozidel."
[06050393],(18.05.2006),"Dopravní značka ""Jednosměrný provoz"" vymezuje úsek komunikace, kde je zakázáno:",/Vestnik/GetImageQuestion/0051_6328349578814.swf.mp4,"Couvat, pokud to není nezbytně nutné, například k zajetí do řady vozidel nebo vyjetí z ní.","Zastavit a stát, s výjimkou míst označených jako parkoviště.","Jet rychlostí vyšší než 20 km.h-1, jestliže dopravní značkou není dovolena rychlost vyšší."
[06050446],(02.01.2016),Tato výstražná dopravní značka upozorňuje na:,/Vestnik/GetImageQuestion/A1a_6328354183073.gif,Zatáčku vpravo.,Směr pro opuštění křižovatky s kruhovým objezdem.,Zatáčku vlevo.
[06050449],(02.01.2016),Tato značka:,/Vestnik/GetImageQuestion/A7b_6328354012406.gif,"Upozorňuje na umělou nerovnost na vozovce, jejímž účelem je zejména snížení rychlosti jedoucích vozidel.","Bezprostředně označuje umělou nerovnost na vozovce, jejímž účelem je snížení rychlosti jedoucích vozidel a je zpravidla označena žlutočernými pruhy.","Upozorňuje na hrboly, výtluky, díry a jiné nerovnosti ve vozovce nebo na úsek s nerovným povrchem vozovky, vyžadující zvýšenou opatrnost nebo výrazné snížení rychlosti jízdy."
[06050451],(02.01.2016),Tato dopravní značka upozorňuje na:,/Vestnik/GetImageQuestion/A1b_6328354018131.gif,"Zatáčku (směrový oblouk) vlevo, jehož bezpečné projetí vyžaduje výrazné snížení rychlosti jízdy.","Zatáčku (směrový oblouk) vpravo, jehož bezpečné projetí vyžaduje výrazné snížení rychlosti jízdy.",Směr dopravního okruhu zřízeného pro objíždění obce nebo její části.
[06050452],(02.01.2016),Tato značka:,/Vestnik/GetImageQuestion/A8 _6328354207779.gif,"Upozorňuje na místo nebo úsek pozemní komunikace, kde může dojít ke smyku vozidla i za neztížených povětrnostních podmínek.","Upozorňuje na místo nebo úsek pozemní komunikace, kde může dojít ke smyku vozidla pouze za ztížených povětrnostních podmínek.","Upozorňuje na místo nebo úsek pozemní komunikace, kde může dojít ke smyku vozidla pouze za deště, sněhu nebo náledí."
[06050454],(03.01.2016),Tato značka zakazuje vjezd:,/Vestnik/GetImageQuestion/B18_6328354215221.gif,"Vozidlům, která přepravují výbušniny, snadno hořlavý nebo jinak nebezpečný náklad","Vozidlům přepravujícím ropu nebo ropné materiály nebo jiné látky, které by mohly způsobit ohrožení životního prostředí.","Vozidlům, jejichž okamžitá hmotnost připadající na nápravu přesahuje hodnoty stanovené výrobcem vozidla."
[06050457],(03.01.2016),Tato dopravní značka znamená:,/Vestnik/GetImageQuestion/B1_6328354245404.gif,Zákaz vjezdu všech vozidel (v obou směrech).,Zákaz vjezdu všech motorových vozidel (v obou směrech).,Zákaz vjezdu všech nemotorových vozidel (v obou směrech).
[06050461],(04.01.2016),Tato značka znamená:,/Vestnik/GetImageQuestion/C 2b.jpg,Přikázaný směr jízdy vpravo.,Přikázaný směr objíždění vpravo.,Jednosměrný provoz.
[06050526],(03.01.2016),Tato dopravní značka:,/Vestnik/GetImageQuestion/B28_6328336477331.jpg,"Zakazuje zastavení nebo stání, tj. uvedení vozidla do klidu, kromě případů vyvolaných okolnostmi v provozu na pozemních komunikacích jako je např. stojící kolona vozidel apod.","Zakazuje stání, tj. uvedení vozidla do klidu na dobu delší, než je doba nezbytně nutná k neprodlenému nastoupení nebo vystoupení přepravovaných osob nebo k neprodlenému naložení a vyložení nákladu.",Zakazuje zastavení  s výjimkou doby nezbytně nutné k neprodlenému nastoupení nebo vystoupení přepravovaných osob anebo k neprodlenému naložení nebo složení nákladu.
[06050550],(02.01.2016),Tato dopravní značka znamená:,/Vestnik/GetImageQuestion/A2a_6328435770785.gif,"Dvě nebo více po sobě následujících zatáček (směrových oblouků), z nichž první je vpravo.","Nebezpečí smyku na místě nebo úseku pozemní komunikace, za ztížených povětrnostních podmínek.","Dvě nebo více po sobě následujících zatáček (směrových oblouků), z nichž první je vlevo."
[06050551],(03.01.2016),Tato dopravní značka upozorňuje:,/Vestnik/GetImageQuestion/A7b_6328435794083.gif,"Na umělou nerovnost na vozovce, jejímž účelem je zejména snížení rychlosti jedoucích vozidel.","Na hrboly, výtluky, díry a jiné nerovnosti ve vozovce nebo na úsek s nerovným povrchem vozovky, vyžadující zvýšenou opatrnost nebo výrazné snížení rychlosti jízdy.",Na vyjeté koleje ve vozovce.
[06050624],(02.01.2016),Tato dopravní značka:,/Vestnik/GetImageQuestion/A6b_6328349668209.jpg,"Upozorňuje na místo, kde se vozovka oproti předcházejícímu úseku výrazně zužuje z pravé strany.","Upozorňuje na snížení počtu jízdních pruhů v místě a vyznačuje, který pruh je průběžný.","Upozorňuje na místo, kde se vozovka oproti předcházejícímu úseku výrazně zužuje z levé strany."
[06050625],(02.01.2016),Tato dopravní značka:,/Vestnik/GetImageQuestion/A7a_6328349678432.jpg,"Upozorňuje na hrboly, výtluky, díry a jiné nerovnosti ve vozovce nebo na úsek s nerovným povrchem vozovky, vyžadující zvýšenou opatrnost nebo výrazné snížení rychlosti jízdy.","Upozorňuje na umělou nerovnost na vozovce, jejímž účelem je zejména snížení rychlosti jedoucích vozidel.","Bezprostředně označuje umělou nerovnost na vozovce, jejímž účelem je snížení rychlosti jedoucích vozidel a je zpravidla označena žlutočernými pruhy."
[06050626],(02.01.2016),Tato dopravní značka:,/Vestnik/GetImageQuestion/A5b_6328349685603.jpg,Upozorňuje na úsek pozemní komunikace s prudkým stoupáním. Na značce se uvádí skutečný nejvyšší podélný sklon vozovky.,"Upozorňuje na úsek pozemní komunikace, kde místní podmínky činí klesání nebezpečným. Na značce se uvádí skutečný nejvyšší podélný sklon vozovky.","Upozorňuje na únikový pruh za nebezpečným klesáním, kde lze v případě nouze, například při sníženém účinku brzd, zastavit vozidlo pomocnými prostředky, například protisvahem, hrubým štěrkovým povrchem apod."
[06050627],(02.01.2016),Tato značka upozorňuje řidiče:,/Vestnik/GetImageQuestion/A4 _6328354240307.gif,Na křižovatku s kruhovým objezdem.,Na dopravní okruh zřízený pro objíždění obce nebo její části.,Na změnu místní úpravy provozu na pozemních komunikacích na dopravním okruhu.
[06050641],(03.01.2016),"Vyberte dopravní značku, která řidiče upozorňuje na místo, kde je provoz na pozemní komunikaci řízen světelnými signály, které by řidič jinak neočekával, nebo které nejsou s ohledem na místní podmínky viditelné z dostatečné vzdálenosti. :",,.,.,.
[06050642],(31.05.2006),Která z těchto dopravních značek zakazuje zastavení?,,.,.,.
[06060004],(03.01.2016),Zákaz vjezdu vyplývající z vyobrazené dopravní značky platí pro:,/Vestnik/GetImageQuestion/B10_6328476434435.jpg,Ruční vozíky o okamžité šířce větší než 600 mm.,Ruční vozíky o okamžité šířce do 600 mm.,Všechna potahová vozidla o okamžité šířce větší než 600 mm.
[06060052],(03.01.2016),Tato dopravní značka:,/Vestnik/GetImageQuestion/B32_6328336487159.jpg,"Zakazuje jízdu (nikoli jen vjezd) pro určená vozidla v území, pro které byla vyhlášena smogová situace podle zvláštního právního předpisu.","Upozorňuje řidiče na oblast, zejména část obce, kde je omezen provoz vozidel, která nesplňují zvláštní emisní podmínky.","Zakazuje jízdu vozidlům, která nemají přidělenou emisní plaketu na základě jejich emisní kategorie odrážející zátěž životního prostředí."
[06060053],(02.01.2016),Která z vyobrazených dopravních značek nepatří do značek upravujících přednost?,,.,.,.
[06060055],(31.12.2015),Tato výstražná dopravní značka:,/Vestnik/GetImageQuestion/A30_6328276591798.jpg,Upozorňuje řidiče na železniční přejezd nevybavený závorami.,Upozorňuje řidiče na železniční přejezd vybavený závorami.,Upozorňuje řidiče na jednokolejný železniční přejezd.
[06060056],(01.03.2022),Tato výstražná dopravní značka upozorňuje řidiče:,/Vestnik/GetImageQuestion/A28_6328276587006.jpg,"Na úsek pozemní komunikace, kde je nebezpečné vjet na krajnici.","Na místo nebo úsek pozemní komunikace, kde je dovolené parkování na krajnici.",Na místo dopravní nehody.
[06060057],(31.12.2015),Tato dopravní značka:,/Vestnik/GetImageQuestion/A31b_6328276597379.jpg,"Se umisťuje ve vzdálenosti 160 m před železničním přejezdem, na nějž upozorňuje.","Se umisťuje ve vzdálenosti 140 m před železničním přejezdem, na nějž upozorňuje.","Se umisťuje ve vzdálenosti 240 m před železničním přejezdem, na nějž upozorňuje."
[06060058],(31.12.2015),Tato dopravní značka:,/Vestnik/GetImageQuestion/A25_6328276579134.jpg,"Upozorňuje zejména na místo, kde tramvaj křižuje směr jízdy ostatních vozidel.",Upozorňuje na železniční přejezd bez závor.,"Upozorňuje na místo, kde má řidič povinnost dát přednost v jízdě tramvaji, a to zejména mimo křižovatku"
[06060059],(31.12.2015),Tato dopravní značka:,/Vestnik/GetImageQuestion/A32a_6328276601967.jpg,"Upozorňuje na jednokolejný železniční přejezd. Je-li řidič povinen před železničním přejezdem zastavit vozidlo, zastaví před touto značkou.","Upozorňuje na jednokolejný železniční přejezd. Je-li řidič povinen před železničním přejezdem zastavit vozidlo, zastaví na místě, odkud má na železniční trať náležitý rozhled.","Upozorňuje na vícekolejný železniční přejezd, kde je potřeba dbát zvýšené opatrnosti pro případ současného průjezdu vlaků z obou směrů."
[06060160],(03.01.2016),Tato dopravní značka upozorňuje účastníky provozu na pozemních komunikacích:,/Vestnik/GetImageQuestion/A18_6328571877132_127945883713202500.jpg,"Na místo nebo úsek pozemní komunikace, kde se může vlivem sesuvů nebo padání kamenů na pozemní komunikaci vyskytovat kamení nebo zemina.","Na místo nebo úsek pozemní komunikace, kde se na vozovce vyskytuje volný štěrk,","Místo nebo úsek, v jehož blízkosti se nachází kamenolom."
[06060161],(04.01.2016),Tato značka:,/Vestnik/GetImageQuestion/B 27.jpg,Zakazuje řidiči pokračovat v jízdě bez zastavení vozidla v prostoru u značky.,Zakazuje řidiči pokračovat v jízdě bez zastavení vozidla v prostoru státní hranice a současně označuje státní hranici.,Upozorňuje řidiče na stanici technické kontroly a měření emisí.
[06060162],(03.01.2016),Tato značka:,/Vestnik/GetImageQuestion/B23b_6328572430760_127945939076015000.jpg,Ukončuje platnost značky „Zákaz výstražných zvukových znamení“.,Zakazuje užívání výstražných zvukových znamení.,Ukončuje zákaz užívání výstražných znamení.
[06060163],(03.01.2016),Tato dopravní značka zakazuje vjezd vozidlům:,/Vestnik/GetImageQuestion/B18_6328572441417_127945940141796250.jpg,"Přepravujícím výbušniny, snadno hořlavý nebo jinak nebezpečný náklad a označeným podle zvláštních předpisů.",Které nejsou opatřeny příslušnou emisní plaketou přidělovanou na základě jejich emisní kategorie odrážející zátěž životního prostředí.,"Přepravujícím ropu nebo ropné materiály nebo jiné látky, které by mohly způsobit ohrožení životního prostředí, zejména znečištění vody."
[06060164],(03.01.2016),Tato dopravní značka:,/Vestnik/GetImageQuestion/B26_6328572447508_127945940750858750.jpg,"Ukončuje platnost všech zákazů, které jsou stanoveny pro jedoucí vozidla.",Upozorňuje řidiče na blížící se dopravní značku se zákazem nebo omezením jízdy pro jedoucí vozidla.,Upozorňuje na následující omezení v jízdě pro řidiče nákladních automobilů přepravujících nebezpečný náklad.
[06060165],(03.01.2016),Na takto označené pozemní komunikace je zakázán vjezd:,/Vestnik/GetImageQuestion/B4_6328572460199_127945942019921250.jpg,"Nákladním automobilům, tahačům přívěsu nebo návěsu a speciálním automobilům; značka neplatí pro obytné automobily.",Nákladním automobilům s nejvyšší dovolenou hmotností nepřevyšující 3.500 kg; značka neplatí pro obytné automobily.,Nákladním automobilům s nejvyšší dovolenou hmotností převyšující 3.500 kg; značka neplatí pro obytné automobily.
[06060166],(12.06.2006),Tato dopravní značka zakazuje vjezd:,/Vestnik/GetImageQuestion/B11_6328572532758_127945949275858750.jpg,Všech motorových vozidel.,Osobních vozidel a motocyklů.,Všech motorových i nemotorových vozidel.
[06060167],(03.01.2016),Vyobrazená dopravní značka zakazuje vjezd:,/Vestnik/GetImageQuestion/B2_6328572573597_127945953359765000.jpg,"Všem druhům vozidel na jednosměrnou pozemní komunikaci, v níž je provoz veden opačným směrem.",Všem druhům vozidel v obou směrech pozemní komunikace.,"Nemotorovým vozidlům ze směru, kde je značka umístěna."
[06060169],(03.01.2016),Tato značka:,/Vestnik/GetImageQuestion/B17_6328572685678_127945964567890000.gif,"Zakazuje vjezd vozidel nebo jízdních souprav, jejichž okamžitá délka včetně nákladu je větší než údaj uvedený na značce.",Informuje o bezpečném odstupu mezi jedoucími nákladními vozidly včetně vyznačení vzdálenosti.,"Zakazuje řidiči vozidla udržovat od vozidla jedoucího před ním vzdálenost menší, než je stanovena údajem uvedeným na značce."
[06060170],(12.06.2006),Do úseku pozemní komunikace označeného touto dopravní značkou je dovoleno vjet:,/Vestnik/GetImageQuestion/B3a_6328572793174_127945975317421250.jpg,Jen nemotorovým vozidlům a motocyklům bez postranního vozíku.,"Jen vozidlům určeným k přepravě osob, jejichž celková hmotnost nepřesahuje 3.500 kg.",Jen nemotorovým vozidlům.
[06060171],(03.01.2016),V úseku pozemní komunikace označeném touto dopravní značkou:,/Vestnik/GetImageQuestion/B21a_6328572812838_127945977283827500.jpg,Je řidiči zakázáno předjíždět motorové vozidlo vlevo s výjimkou motocyklů bez postranního vozíku.,Je řidiči nákladního automobilu o nejvyšší povolené hmotnosti převyšující 3500 kg zakázáno předjíždět motorové vozidlo vlevo.,Je řidiči zakázáno předjíždět motorové i nemotorové vozidlo vlevo.
[06060233],(03.01.2016),Tato značka upozorňuje na:,/Vestnik/GetImageQuestion/A27_6328579571592_127946653159296250.gif,Místo dopravní nehody.,"Místo, kde často dochází k dopravním nehodám.",Usek pozemní komunikace směřující na nechráněné nábřeží nebo břeh vodní plochy.
[06060234],(13.06.2006),Tato dopravní značka zakazuje:,/Vestnik/GetImageQuestion/B33_6328579884971_127946684497108750.jpg,Vjezd motorových vozidel s přívěsem a návěsem.,Vjezd potahovým vozidlům.,Vjezd ručních vozíků širších než je 600 mm.
[06060235],(04.01.2016),"Vyberte dopravní značku, která označuje konec úseku pozemní komunikace s nejnižší dovolenou rychlostí:",,.,.,.
[06060237],(13.06.2006),Řidič vozidla z výhledu je upozorňován:,/Vestnik/GetImageQuestion/0109_6328581136072_127946809607265000.swf.mp4,Na nebezpečnou zatáčku vlevo.,"Na skutečnost, že za zatáčkou je ve vzdálenosti 240 m železniční přejezd.","Na skutečnost, že za zatáčkou je ve vzdálenosti 80 m železniční přejezd."
[06060254],(14.06.2006),Na křižovatce označené touto dopravní značkou:,/Vestnik/GetImageQuestion/0073_6328590276803_127947723680390000.swf.mp4,Musíte odbočit vpravo.,Nesmíte odbočit vpravo.,"Můžete odbočit vpravo, jen pokud hodláte zastavit na volném místě na parkovišti."
[06060258],(14.06.2006),Tato dopravní značka:,/Vestnik/GetImageQuestion/0262_6328027484579.swf.mp4,Platí jen pro nejbližší křižovatku.,"Platí pro všechny následující křižovatky v přímém směru, pokud její platnost není ukončena dopravní značkou ""Hlavní pozemní komunikace"".","Platí pro všechny křižovatky na území obce, které je označeno příslušnou dopravní značkou."
[06060296],(15.06.2006),Za nejbližší svislou dopravní značkou jako řidič vozidla z výhledu:,/Vestnik/GetImageQuestion/0023_6328286442925.swf.mp4,Máte přednost v jízdě před protijedoucími vozidly.,Musíte dát přednost v jízdě protijedoucím vozidlům.,"Musíte jet po krajnici, pokud je to nezbytné pro vyhnutí se protijedoucím vozidlům, která nesmíte omezit."
[06060297],(15.06.2006),V úseku za touto dopravní značkou:,/Vestnik/GetImageQuestion/0033_6328286913912.swf.mp4,Smí jet řidič rychlostí nejvýše 20 km/h.,Smí jet řidič rychlostí nejvýše 30 km/h.,Smí jet řidič rychlostí nejvýše 50 km/h.
[06060298],(15.06.2006),V úseku za touto dopravní značkou:,/Vestnik/GetImageQuestion/0033_6328286951287.swf.mp4,Smí řidič stát jen na místech označených jako parkoviště; zastavit však smí i mimo parkoviště.,"Není zastavení, stání ani parkování právní úpravou omezeno.",Smí řidič zastavit a stát jen na místech označených jako parkoviště.
[06060299],(15.06.2006),V úseku za touto dopravní značkou:,/Vestnik/GetImageQuestion/0033_6328287023637.swf.mp4,"Musí řidič dbát zvýšené ohleduplnosti vůči chodcům, které nesmí ohrozit.","Má vždy řidič motorového i nemotorového vozidla přednost před chodci, kteří ho nesmějí omezit.",Musí řidič dbát zvýšené ohleduplnosti vůči chodcům jen na přechodech pro chodce.
[06060300],(15.06.2006),Za vyobrazenou dvojicí dopravních značek:,/Vestnik/GetImageQuestion/0037_6328287089829.swf.mp4,Bude řidič vjíždět na kruhový objezd; vozidlům jedoucím po kruhovém objezdu musí dát přednost v jízdě.,Bude řidič vjíždět na dálnici; je povinen použít připojovací pruh a musí dát přednost v jízdě vozidlům jedoucím v průběžném pruhu.,"Musí řidič odbočit vlevo, přičemž je povinen dát přednost v jízdě vozidlům jedoucím v obou směrech."
[06060302],(15.06.2006),"Pokud jako řidič vidíte na vozovce tento symbol, musíte:",/Vestnik/GetImageQuestion/0076_6328288195275.swf.mp4,"Přizpůsobit jízdu tomu, že se blížíte k přechodu pro chodce.","Snížit rychlost jízdy na 20 km/h, protože vjíždíte do pěší zóny.","Zastavit vozidlo, protože za ním začíná stezka pro chodce, na kterou nesmíte vjíždět."
[06060303],(15.06.2006),Na vyobrazené křižovatce musíte jako řidič vozidla z výhledu:,/Vestnik/GetImageQuestion/0078_6328288235670.swf.mp4,Odbočit vpravo.,Dát přednost v jízdě vozidlům přijíždějícím zleva.,Dát přednost v jízdě vozidlům v obou směrech.
[06060304],(15.06.2006),Za touto dopravní značkou smíte jet rychlostí:,/Vestnik/GetImageQuestion/0117_6328288514742.swf.mp4,"Nejvýše 50 km/h, protože vjíždíte do obce.","Nejvýše 20 km/h, protože vjíždíte do obytné zóny.","Nejvýše 60 km/h, protože vjíždíte do obce."
[06060305],(15.06.2006),Za touto dopravní značkou smíte jet rychlostí:,/Vestnik/GetImageQuestion/0117_6328599296336_127948625633620953.swf.mp4,Nejvýše 50 km/h.,Nejvýše 20 km/h.,Nejvýše 60 km/h.
[06060306],(03.01.2016),Za touto dopravní značkou řidič:,/Vestnik/GetImageQuestion/0130_6328288543095.swf.mp4,"Musí dbát zvýšené opatrnosti a dát přednost v jízdě protijedoucímu vozidlu, pokud se s ním nemůže bezpečně vyhnout.","Nemusí měnit způsob jízdy, protože má přednost v jízdě před protijedoucími vozidly.","Protijedoucího vozidla smí do následujícího úseku pozemní komunikace vjet pouze v případě, kdy se jeho a protijedoucí vozidlo mohou bezpečně vyhnout."
[06060307],(31.12.2015),Řidič vozidla z výhledu:,/Vestnik/GetImageQuestion/0403.jpg,Smí pokračovat v jízdě pouze ve směru přímo přitom musí dát přednost v jízdě vozidlům přijíždějícím zprava.,"Smí pokračovat v jízdě pouze ve směru přímo a přitom má přednost v jízdě, protože přijíždí po hlavní pozemní komunikaci.",Smí pokračovat v jízdě pouze ve směru přímo přitom nemusí dát přednost v jízdě vozidlům přijíždějícím zprava.
[06060313],(15.06.2006),Nejbližší dopravní značka:,/Vestnik/GetImageQuestion/0186_6328597893787.swf.mp4,Platí jen pro nejbližší křižovatku.,"Platí pro všechny následující křižovatky v přímém směru, pokud její platnost není ukončena dopravní značkou ""Konec hlavní pozemní komunikace"".","Platí pro všechny křižovatky na území obce, které je označeno příslušnou dopravní značkou."
[06060314],(15.06.2006),Řidič vozidla z výhledu na nejbližší křižovatce za první dopravní značkou:,/Vestnik/GetImageQuestion/0186_6328597886151.swf.mp4,"Nemusí výrazně měnit způsob jízdy, protože je na hlavní pozemní komunikaci.","Musí přizpůsobit jízdu tomu, že řidič v protisměru má přednost v jízdě.","Musí přizpůsobit jízdu tomu, že bude dávat přednost v jízdě vozidlům, která mohou přijíždět zprava."
[06060317],(15.06.2006),Za nejbližší dopravní značkou v daném případě:,/Vestnik/GetImageQuestion/0383_6328597795018.swf.mp4,"Se musíte řídit světelnými signály, které jsou této dopravní značce nadřazeny.",Musíte dát přednost v jízdě vozidlům jedoucím po hlavní pozemní komunikaci. Tato značka je nadřazena světelným signálům.,Musíte dát přednost v jízdě pouze vozidlům hromadné dopravy osob.
[06060325],(15.06.2006),"Dopravní značka, kterou vidíte jako nejbližší, znamená:",/Vestnik/GetImageQuestion/0188_6328597847715.swf.mp4,Hlavní pozemní komunikace.,Konec hlavní pozemní komunikace.,Dej přednost v jízdě!
[06060399],(16.06.2006),"V situaci na obrázku musí řidič při řízení zohlednit, že:",/Vestnik/GetImageQuestion/0211_6328027230468.swf.mp4,"Je dopravní značkou předem upozorňován na přechod pro chodce, který bude následovat ve vzdálenosti 150 m.","Je dopravní značkou upozorňován na úsek o délce 150 m, kde lze očekávat zvýšený pohyb chodců.","Je dopravní značkou předem upozorňován na práci na silnici, která je vykonávána ve vzdálenosti 150 m."
[06060405],(16.06.2006),Za touto dopravní značkou:,/Vestnik/GetImageQuestion/0066_6328288094196.swf.mp4,Může řidič zastavit na dobu nezbytně nutnou k neprodlenému nastoupení nebo vystoupení přepravovaných osob anebo k neprodlenému naložení nebo složení nákladu; stát tam však nesmí.,Nesmí řidič ani zastavit na dobu nezbytně nutnou k neprodlenému nastoupení nebo vystoupení přepravovaných osob anebo k neprodlenému naložení nebo složení nákladu.,"Nesmí řidič zastavit, stát ani zastavit vozidlo."
[06060406],(16.06.2006),Za touto dopravní značkou:,/Vestnik/GetImageQuestion/0046_6328287966676.swf.mp4,Je řidiči zakázáno jet rychlostí více než 30 km/h.,"Je řidiči přikázáno jet rychlostí nejméně 30 km/h, pokud s ohledem na provozní podmínky lze této rychlosti dosáhnout.",Je řidiči doporučeno řidiči jet rychlostí nejvýše 30 km/h.
[06060407],(31.12.2015),Ve vyobrazené situaci:,/Vestnik/GetImageQuestion/0049_6328287975710.swf.mp4,"Musí řidič přizpůsobit jízdu s předpokladem, že za horizontem bude snižovat rychlost jízdy nebo zastavovat před přechodem pro chodce.","Musí řidič snížit rychlost jízdy, neboť je upozorněn dopravní značkou na úsek pozemní komunikace, kde místní podmínky činí klesání nebezpečným.","Musí řidič snížit rychlost jízdy z důvodu umělé nerovnosti na vozovce, jejímž účelem je zejména snížení rychlosti jedoucích vozidel."
[06060410],(16.06.2006),Tímto směrovým sloupkem může být:,/Vestnik/GetImageQuestion/Z11d_6328528629103.jpg,"Vymezeno místo, kde účelová pozemní komunikace (např. polní cesta) vyúsťuje na jinou pozemní komunikaci.",Označeno místo častých dopravních nehod.,Zvýrazněna či nahrazena vodorovná dopravní značka podélná čára souvislá.
[06060411],(16.06.2006),Tento směrový sloupek:,/Vestnik/GetImageQuestion/Z11c_6328602536507_127948949650736852.jpg,Vymezuje vyústění účelové pozemní komunikace na jinou pozemní komunikaci.,Upozorňuje řidiče na nezpevněnou krajnici.,"Označuje kluzký úsek pozemní komunikace, kde hrozí smyk vozidla."
[06060415],(16.06.2006),Lze za nejbližší dopravní značkou zastavit za účelem neprodleného vystoupení přepravovaných osob?,/Vestnik/GetImageQuestion/0052_6328288024898.swf.mp4,Ano.,Ne.,
[06060416],(16.06.2006),Lze před nejbližší dopravní značkou zastavit za účelem neprodleného vyložení nákladu?,/Vestnik/GetImageQuestion/0052_6328602691306_127948965130855049.swf.mp4,Ne.,Ano.,
[06060419],(02.02.2016),Za první skupinou dopravních značek:,/Vestnik/GetImageQuestion/0193_6328604630505.swf.mp4,Musí řidič vozidla z výhledu na nejbližší křižovatce odbočit vpravo nebo vlevo.,"Může řidič vozidla z výhledu pokračovat v jízdě v přímém směru, neohrozí-li řidiče jedoucího na křižovatce zleva.",Bude řidič vozidla z výhledu vjíždět na kruhový objezd.
[06060472],(03.01.2016),Zákaz vjezdu podle vyobrazené dopravní značky platí pro:,/Vestnik/GetImageQuestion/B17_6328607173804_127949413380432581.jpg,"Vozidla nebo soupravy vozidel, jejichž okamžitá délka včetně nákladu přesahuje vyznačenou mez.",Nákladní vozidla a jejich jízdní soupravy.,Dodávkové a nákladní automobily a jejich jízdní soupravy o nejvyšší povolené hmotnosti  nepřevyšující 7000 kg.
[06060474],(03.01.2016),Tato značka zakazuje vjezd:,/Vestnik/GetImageQuestion/B14_6328607227401_127949418740142866.jpg,"Všech vozidel, jejichž okamžitá hmotnost připadající na nápravu přesahuje údaj uvedený na značce.","Všech vozidel, jejichž okamžitá hmotnost připadající na nápravu nedosahuje údaj uvedený na značce.",Všech přípojných jednonápravových vozidel.
[06060475],(03.01.2016),Tato značka označuje:,/Vestnik/GetImageQuestion/A27_6328607234530_127949419453052297.gif,Místo dopravní nehody.,Místo nebezpečí pádu vozidla z nezpevněné krajnice.,Úsek častých dopravních nehod.
[06060476],(03.01.2016),Vyobrazená dopravní značka:,/Vestnik/GetImageQuestion/B10_6328607246046_127949420604675224.jpg,Zakazuje vjezd ručních vozíků o okamžité šířce větší než 600 mm.,Zakazuje vjezd potahových vozidel.,Upozorňuje na práci na pozemní komunikaci kde jsou používány ruční pracovní stroje.
[08080030],(08.01.2024),Na tomto místě může zastavit a stát:,/Vestnik/GetImageQuestion/0478_6335354970249_128624193025107500.swf.mp4,"Jen vozidlo, které přepravuje osobu těžce postiženou nebo těžce pohybově postiženou, které je označeno speciálním označením a příslušnou registrační značkou.","Vozidlo rodinných příslušníků osoby těžce postižené, které ale není označeno speciálním označením.","Pokud je parkovací místo volné, může zde zastavit a stát i jiné vozidlo s označením O1."
[08100088],(21.01.2016),"Vyberte dopravní značku, která řidiče upozorňuje na místo, kde je provoz na pozemní komunikaci řízen světelnými signály, které by řidič jinak neočekával, nebo které nejsou s ohledem na místní podmínky viditelné z dostatečné vzdálenosti:",,.,.,.
[08100094],(21.01.2016),"Která z vyobrazených dopravních značek neumožňuje řidiči, pokud to ostatní okolnosti provozu na pozemních komunikacích dovolují, jet rychlostí 25 km/h :",,.,.,.
[08120015],(03.01.2016),Tato dopravní značka upozorňuje na:,/Vestnik/GetImageQuestion/0043_6336408264363.swf.mp4,"Křižovatku, na které není přednost v jízdě upravena svislými dopravními značkami.","Křižovatku, na které je přednost v jízdě dále upravena svislými dopravními značkami.","Blízkost železničního přejezdu, který není opatřen železničním zabezpečovacím zařízením."
[08120016],(05.12.2008),Řidič vozidla z výhledu:,/Vestnik/GetImageQuestion/0023_6336408310704.swf.mp4,Má přednost v jízdě před protijedoucími vozidly.,Nemá přednost v jízdě před protijedoucími vozidly.,Musí dodržovat označený směr jízdy.
[08120017],(05.12.2008),Řidič vozidla z výhledu:,/Vestnik/GetImageQuestion/0037_6336408321370.swf.mp4,Musí dát přednost v jízdě vozidlu jedoucímu po kruhovém objezdu a jet ve směru šipek zobrazených na příkazové značce.,Má přednost v jízdě před vozidlem jedoucím po kruhovém objezdu pokud dává znamení o změně směru jízdy.,Musí vždy na hranici křižovatky zastavit vozidlo a dát přednost v jízdě vozidlu jedoucímu po kruhovém objezdu.
[10040037],(26.04.2010),Na obrázku není znázorněna dopravní značka:,/Vestnik/GetImageQuestion/K-11A-1_6340790614809_129167757480900000.swf.mp4,"""Hlavní pozemní komunikace"".","""Přechod pro chodce"".","""Dej přednost v jízdě"", s dodatkovou tabulkou."
[11040007],(03.01.2016),Tato značka upozorňuje:,/Vestnik/GetImageQuestion/A4 _6343967777853_129485473785340000.gif,Na křižovatku s kruhovým objezdem.,Na změnu dopravního okruhu zřízeného pro objíždění obce nebo její části.,Na směr k výjezdu z kruhového parkoviště.
[15120002],(31.12.2015),Tato dopravní značka:,/Vestnik/GetImageQuestion/m0262_6334223001298.swf.mp4,Platí jen pro nejbližší křižovatku.,"Platí pro všechny následující křižovatky v přímém směru, pokud její platnost není ukončena dopravní značkou ""Hlavní pozemní komunikace"".","Platí pro všechny křižovatky na území obce, které jsou označeny touto  dopravní značkou."
[15120004],(21.01.2016),Tato výstražná dopravní značka:,/Vestnik/GetImageQuestion/A1a .gif,"Upozorňuje na zatáčku (směrový oblouk) vpravo, jehož bezpečné projetí vyžaduje výrazné snížení rychlosti jízdy.","Upozorňuje na dvě nebo více po sobě následujících zatáček (směrových oblouků), z nichž první je vpravo, a jejichž bezpečné projetí vyžaduje výrazné snížení rychlosti jízdy.","Upozorňuje na zatáčku (směrový oblouk) vlevo, jehož bezpečné projetí vyžaduje výrazné snížení rychlosti jízdy."
[16010002],(02.01.2016),"Která značka upozorňuje na práci na pozemní komunikaci nebo v jejím bezprostředním okolí, která by mohla ohrozit bezpečnost provozu na pozemních komunikacích nebo při níž by mohli být provozem ohroženi pracovníci tuto činnost vykonávající.?",,.,.,.
[16010003],(02.01.2016),S čím musíte počítat v místě označeném touto dopravní značkou?,/Vestnik/GetImageQuestion/A19_6328338526748.jpg,"S cyklisty, kteří vjíždějí na vozovku nebo ji přejíždějí, anebo na úsek, kde se cyklisté často vyskytují.",S cyklistickými trasami v místě jejich vzájemného křížení.,S cyklisty čekajícími na světelný signál „Volno“.
[16010004],(02.01.2016),Co vám říká tato dopravní značka?,/Vestnik/GetImageQuestion/A1a_6328338571924.jpg,"Upozorňuje na zatáčku (směrový oblouk) vpravo, jehož bezpečné projetí vyžaduje výrazné snížení rychlosti jízdy.",Přikazuje jízdu ve směru vpravo bezprostředně před značkou.,"Označuje zejména nebezpečnou zatáčku, v níž musí řidič výrazně snížit rychlost jízdy, a usměrňuje provoz."
[16010005],(02.01.2016),Co vám říká tato dopravní značka?,/Vestnik/GetImageQuestion/A1b_6328338583149.jpg,"Upozorňuje na zatáčku (směrový oblouk) vlevo, jehož bezpečné projetí vyžaduje výrazné snížení rychlosti jízdy.",Přikazuje jízdu ve směru vlevo bezprostředně před značkou.,"Upozorňuje na zatáčku (směrový oblouk) vpravo, jehož bezpečné projetí vyžaduje výrazné snížení rychlosti jízdy."
[16010006],(02.02.2016),"Která z vyobrazených dopravních značek upozorňuje na práci na pozemní komunikaci nebo v jejím bezprostředním okolí, která by mohla ohrozit bezpečnost provozu na pozemních komunikacích nebo při níž by mohli být provozem ohroženi pracovníci tuto činnost vykonávající.?",,.,.,.
[16010007],(04.01.2016),Která z vyobrazených dopravních značek neupravuje přednost.,,.,.,.
[16010008],(21.01.2016),Která z vyobrazených dopravních značek neupravuje přednost.,,.,.,.
[16010009],(04.01.2016),Která z vyobrazených dopravních značek neupravuje přednost.,,.,.,.
[16010010],(04.01.2016),Která značka nepatří do skupiny značek výstražných?,,.,.,.
[16010011],(03.01.2016),"Jestliže je vyobrazená dopravní značka umístěna na pozemní komunikaci u křižovatky a není doplněna vodorovnou příčnou čárou souvislou s nápisem ""STOP"":",/Vestnik/GetImageQuestion/P6_6328527283717.gif,"Má řidič povinnost zastavit vozidlo na takovém místě, odkud má do křižovatky náležitý rozhled, a dát přednost v jízdě.",Má řidič povinnost zastavit vozidlo před touto dopravní značkou a dát přednost v jízdě.,Má řidič povinnost zastavit vozidlo na hranici křižovatky a dát přednost v jízdě.
[16010014],(04.01.2016),Tato dopravní značka upravuje:,/Vestnik/GetImageQuestion/P 7.jpg,Přednost pro vozidla jedoucí ze směru označeného černou šipkou.,"Přednost před protijedoucími nákladními vozidly v případě, kdy se protijedoucí vozidla nemohou bezpečně vyhnout.",Přednost pro vozidla jedoucí ze směru označeného červenou šipkou.
[16010016],(21.01.2016),"Vyberte dopravní značku ""Nejnižší dovolená rychlost"", která řidiči přikazuje, pokud to ostatní okolnosti provozu na pozemních komunikacích dovolují, jet nejméně rychlostí vyjádřenou na značce číslem v kilometrech za hodinu.",,.,.,.
[16010017],(04.01.2016),"Která z vyobrazených dopravních značek neumožňuje řidiči, pokud si to nevynutí ostatní okolnosti provozu na pozemních komunikacích, jet rychlostí 25 km/h:",,.,.,.
[21100002],(19.10.2021),Platnost zónových dopravních značek:,,"je ukončena dopravní značkou informující o jejím konci, není-li stanoveno jinak.",je ukončena na nejbližší křižovatce.,končí po 100 m od značky.
[21100003],(19.10.2021),"Které směrové sloupky označují úsek pozemní komunikace, kde hrozí zvýšené nebezpečí námrazy:",,modré,bílé,červené
[21100006],(19.10.2021),Tato dopravní značka označuje:,/Vestnik/GetImageQuestion/1016_IP13B.png,"parkoviště, na kterém řidič musí ve vozidle viditelně umístit kotouč nastavením začátku stání.",parkoviště na kruhovém objezdu.,placené parkoviště s parkovacím automatem na mince.
[21100007],(08.11.2021),Toto označení:,/Vestnik/GetImageQuestion/etesty 1020.png,informuje účastníky provozu o řízení vozidla méně zkušeným řidičem.,upozorňuje na povinnost označit vozidlo výstražným trojúhelníkem.,označuje prostor určený pro odkládání zavazadel ve vozidle hromadné dopravy.
[21100008],(08.11.2021),Do oblasti za těmito dopravními značkami:,/Vestnik/GetImageQuestion/eTesty_1016.png,je možné vjet za účelem parkování vozidla.,je možné vjet za účelem zkrácení si cesty.,je zakázáno vjet.
[21100012],(08.11.2021),"Smí řidič motorového vozidla, který není držitelem platného parkovacího oprávnění pro danou oblast, zaparkovat za touto dopravní značkou v sobotu v poledne?",/Vestnik/GetImageQuestion/eTesty_1053.png,"Ano, bezplatně.","Ano, pokud uhradí parkovné.",Ne.
[21100015],(08.11.2021),Tato dopravní značka:,/Vestnik/GetImageQuestion/eTesty_1068.png,Přikazuje řidiči dát přednost v jízdě protijedoucím vozidlům.,Informuje řidiče o přednosti v jízdě před protijedoucími vozidly.,Zakazuje vjezd více jak dvou vozidel v jednom směru jízdy.
[21100018],(08.11.2021),Jakou rychlostí můžete jet v obci jako řidič osobního automobilu z výhledu na vyobrazené situaci za nejbližší informativní značkou zónovou,/Vestnik/GetImageQuestion/eTesty_1072.png,80 km/h,110 km/h,50 km/h
[21100019],(19.10.2021),Co znázorňuje vodorovná dopravní značka na obrázku?,/Vestnik/GetImageQuestion/1083_V19.png,Prostor určený pro cyklisty čekající na světelný signál „Volno“.,Pruh nebo stezku pro cyklisty.,Přejezd pro cyklisty.
[21100020],(08.11.2021),Ve zřízeném prostoru pro cyklisty na křižovatce se světelnými signály se mohou řadit pouze:,/Vestnik/GetImageQuestion/eTesty_1084.png,cyklisté.,motocyklisté a cyklisté.,potahová vozidla a cyklisté.
[21100021],(08.11.2021),Co znázorňuje vodorovná dopravní značka na obrázku?,/Vestnik/GetImageQuestion/eTesty_1085.png,Jízdní pruh pro cyklisty.,Piktogramový koridor pro cyklisty.,Prostor pro cyklisty.
[21100022],(08.11.2021),"V úseku pozemní komunikace, který následuje za touto svislou dopravní značkou, jako řidič motorového vozidla",/Vestnik/GetImageQuestion/eTesty_1092.png,nesmíte zastavit a stát ve vyhrazeném jízdním pruhu pro cyklisty.,smíte zastavit a stát ve vyhrazeném jízdním pruhu pro cyklisty.,"smíte ve vyhrazeném jízdním pruhu pro cyklisty zastavit na  dobu nezbytně nutnou k neprodlenému nastoupení nebo vystoupení přepravovaných osob, anebo k neprodlenému naložení nebo složení nákladu."
[21100027],(08.11.2021),Ve vyobrazené situaci řidič vozidla z výhledu vpravo:,/Vestnik/GetImageQuestion/eTesty_1111.png,nesmí zastavit a stát.,smí zastavit.,smí stát.
[21100031],(08.11.2021),Za vyobrazenou dopravní značkou se můžete jako řidič motorového vozidla setkat,/Vestnik/GetImageQuestion/eTesty_1123.png,"s jízdou cyklistů v protisměru, které nesmíte ohrozit.","s cyklisty v protisměru, kteří vedou kolo.","s jízdou cyklistů v protisměru, kterým musíte dát přednost."
[21100032],(19.10.2021),S čím jako řidič motorového vozidla musíte počítat v místech označených touto vodorovnou dopravní značkou?,/Vestnik/GetImageQuestion/1124_V20.png,Se zvýšeným provozem cyklistů.,"S blížícím se prostorem určeným pro cyklisty čekající na světelný signál ""volno"".",S blížícím se přejezdem pro cyklisty.
[21100033],(08.11.2021),Co znázorňuje tato informativní směrová značka?,/Vestnik/GetImageQuestion/etesty_1133.png,Směrová tabulka pro cyklisty informuje o čísle cyklistické trasy.,Dopravní značka označuje cyklostezku.,Směrová tabulka označuje jízdní pruh pro cyklisty a jeho číslo.
[21100034],(19.10.2021),"Do úseku pozemní komunikace za touto dopravní značkou můžete jako řidič motorového vozidla s maximální přípustnou hmotností nepřevyšující 3500 kg, jet jen v případě, že použijete zimní pneumatiky s hloubkou dezénu hlavních dezénových drážek nebo zářezů nejméně",/Vestnik/GetImageQuestion/1139_1160_C15a.png,"4 mm, a to bez ohledu na datum a aktuální nebo předpokládané povětrnostní podmínky.","4 mm, a to v období od 1. listopadu do 31. března.","2 mm, a to bez ohledu na datum a aktuální nebo předpokládané povětrnostní podmínky."
[22020004],(07.02.2022),Vyobrazený směrový sloupek:,/Vestnik/GetImageQuestion/eTesty_1005.png,vyznačuje vyústění účelové komunikace na jinou pozemní komunikaci,označuje okraj pozemní komunikace,se používá při usměrňování provozu a pro zdůraznění podélné čáry souvislé vodorovného dopravního značení
[22020005],(07.02.2022),Řidič osobního automobilu na nejbližší křižovatce:,/Vestnik/GetImageQuestion/eTesty_1008.png,může odbočit vpravo,nesmí odbočit vpravo,musí odbočit vpravo
[22020008],(07.02.2022),Tato dopravní značka:,/Vestnik/GetImageQuestion/eTesty_1021.png,neexistuje.,určuje povinnost dát přednost v jízdě vozidlům na hlavní pozemní komunikaci.,přikazuje řidiči dát přednost vozidlům připojujícím se zprava.
[22020011],(07.02.2022),Od místa vyobrazených dopravních značek platí že:,/Vestnik/GetImageQuestion/eTesty_1043.png,"řidič může jet rychlostí nejvýše 100 km/h, neboť ve vzdálenosti 1000 m probíhá práce na silnici.","řidič může jet rychlostí nejvýše 110 km/h, až do místa, kde probíhá práce na silnici.",
[22020013],(07.02.2022),"Může řidič vjet do prostoru označeného vodorovnou dopravní značkou ""Žluté zkřížené čáry"", pokud mu dopravní situace za touto plochou neumožňuje pokračovat v jízdě?",/Vestnik/GetImageQuestion/eTesty_1059.png,Ne.,Ano.,"Ano, pokud nebude bránit v jízdě jiným vozidlům."
[22020014],(07.02.2022),"Jak může být ukončena platnost svislé dopravní značky B 20a ""Nejvyšší dovolená rychlost""?",/Vestnik/GetImageQuestion/eTesty_1060.png,Nejbližší křižovatkou.,Vyústěním polní nebo lesní cesty.,Po ujetí délky úseku 80 m.
[22020020],(07.02.2022),Řidič vozidla z výhledu na vyobrazené křižovatce může:,/Vestnik/GetImageQuestion/eTesty_1113.png,"odbočit vlevo, nebo jet v přímém směru.",odbočit vpravo.,odbočit vpravo i vlevo.
[22020022],(07.02.2022),Na nejbližší křižovatce řidič osobního vozidla z výhledu:,/Vestnik/GetImageQuestion/eTesty_1120.png,nesmí odbočit vpravo.,musí odbočit vlevo.,smí odbočit vpravo.
[22020023],(07.02.2022),Řidič vozidla z výhledu se:,/Vestnik/GetImageQuestion/eTesty_1121.png,nesmí otočit do protisměru přes tramvajový pás.,smí otočit do protisměru přes tramvajový pás; přitom musí dát přednost v jízdě pouze tramvajím jedoucím ve stejném směru.,smí otočit do protisměru přes tramvajový pás; přitom musí dát přednost v jízdě tramvajím jedoucím v obou směrech a vozidlům jedoucím v protisměru.
[22020024],(07.02.2022),Vyobrazená dopravní situace upozorňuje řidiče na:,/Vestnik/GetImageQuestion/eTesty_1129.png,možnost přecházení chodců a přejíždění cyklistů.,možnost přecházení pouze chodců.,možnost přejíždění pouze cyklistů.
[22020029],(07.02.2022),Tato svislá dopravní značka upozorňuje řidiče na:,/Vestnik/GetImageQuestion/eTesty_1150.png,nebezpečné stoupání.,nebezpečné klesání.,"na úsek, kde místní podmínky činí klesání pozemní komunikace nebezpečným."
[22020030],(07.02.2022),Tato svislá dopravní značka upozorňuje:,/Vestnik/GetImageQuestion/eTesty_1156.png,na zvýšený výskyt cyklistů.,na stezku pro cyklisty.,na dětské dopravní hřiště.
[22020031],(07.02.2022),Může řidič přes tuto vodorovnou dopravní značku odbočit vlevo k najetí na parkoviště u obchodního domu?,/Vestnik/GetImageQuestion/eTesty_1157.png,NE,ANO,
[22020032],(07.02.2022),Může řidič přes tuto vodorovnou dopravní značku odbočit vlevo k najetí do garáže u rodinného domu?,/Vestnik/GetImageQuestion/eTesty_1158.png,ANO,NE,
[22020038],(07.02.2022),"Platnost přenosné dopravní značky ""Nejvyšší dovolená rychlost"" umístěná na vozidle, které označuje pohyblivé pracoviště tvořené pomalu se pohybujícím vozidlem nebo skupinou vozidel, končí:",/Vestnik/GetImageQuestion/eTesty_1144.png,"100 m ve směru jízdy za tímto vozidlem nebo za posledním vozidlem skupiny, jedná-li se o skupinu vozidel.","pouze svislou přenosnou dopravní značkou  Konec nejvyšší dovolené rychlosti, nebo Konec všech zákazů nebo křižovatkou.","300 m ve směru jízdy za tímto vozidlem nebo za posledním vozidlem skupiny, jedná-li se o skupinu vozidel."
[22050007],(27.05.2022),Dopravní značka na obrázku pro řidiče znamená:,/Vestnik/GetImageQuestion/eTesty_1003.png,"zákaz značku přejíždět nebo ji nákladem přesahovat, pokud to není nutné k objíždění, odbočování na místo ležící mimo pozemní komunikaci nebo vjíždění na pozemní komunikaci z místa ležícího mimo pozemní komunikaci a předjíždění cyklistů.","zákaz značku přejíždět nebo ji nákladem přesahovat, pokud to není nutné k objíždění, předjíždění cyklistů a traktorů.",možnost se volně pohybovat v obou jízdních pruzích.
[22050009],(27.05.2022),"Řidič vozidla z výhledu, který hodlá jet do centra Prahy:",/Vestnik/GetImageQuestion/eTesty_1029.png,"může pokračovat v jízdním pruhu, ve kterém se právě nachází.","musí přejet do levého jízdního pruhu, jízdní pruh ve kterém se nachází vede pouze směr letiště.","může odbočit vlevo i vpravo a najede na městský okruh; z dopravních značek nevyplývá, který směr je určen pro cestu do centra."
[22050011],(27.05.2022),Vyobrazenou dopravní značkou může být ukončena platnost:,/Vestnik/GetImageQuestion/eTesty_1038.png,"dopravní značky ""Nejvyšší dovolená rychlost"".",všech dopravních značek.,"dopravní značky ""Zákaz zastavení""."
[22050012],(27.05.2022),"Může řidič projet úsekem označeným vyobrazenou dopravní značkou ""Jiný zákaz"",když si chce zkrátit cestu nebo objet komplikovanou dopravní situaci?",/Vestnik/GetImageQuestion/eTesty_1061.png,Ne.,Ano.,"Ano, pokud zná místní situaci."
[22050013],(27.05.2022),Tato dopravní značka:,/Vestnik/GetImageQuestion/eTesty_1110_2.png,"upozorňuje na křižovatku, kde není přednost v jízdě upravena svislými dopravními značkami.",upozorňuje na křižovatku s vyznačením jejího tvaru.,zakazuje zastavení a stání.
[22050014],(27.05.2022),Speciální označení osoby nevidomé je:,/Vestnik/GetImageQuestion/eTesty_1147.png,"Bílá hůl, která musí být opatřena nejméně jedním reflexním bílým pruhem šířky 50 mm.","Hůl s černými a žlutými pruhy o šířce 100 mm, která musí být opatřena nejméně jedním reflexním bílým pruhem šířky 50 mm.","Hůl s bílými a červenými pruhy o šířce 100 mm, která musí být opatřenanejméně jedním reflexním bílým pruhem šířky 50 mm a nejméně souvislá třetina její délky musí mít průměr nejméně 12 mm."
[22050021],(27.05.2022),Tato svislá dopravní značka upozorňuje řidiče na:,/Vestnik/GetImageQuestion/eTesty_1228.png,nebezpečné klesání.,nebezpečné stoupání.,"na úsek, kde místní podmínky činí stoupání pozemní komunikace nebezpečným."
[22050022],(27.05.2022),Řidič osobního vozidla z výhledu ve vyobrazené dopravní situaci:,/Vestnik/GetImageQuestion/eTesty_1232.png,musí dát přednost v jízdě protijedoucím vozidlům a jet rychlostí nejvýše 20 km/h.,má přednost v jízdě před protijedoucími vozidly.,musí dát přednost v jízdě protijedoucím vozidlům lehčím než 22 tun.
[22050025],(27.05.2022),Signál dvou vedle sebe umístěných střídavě přerušovaných červených světel ve vyobrazené dopravní situaci znamená pro řidiče modrého vozidla:,/Vestnik/GetImageQuestion/eTesty_1235_3.png,povinnost zastavit vozidlo před světelným signalizačním zařízením.,povinnost snížit rychlost jízdy přičemž nemusí zastavit vozidlo.,
[22050026],(27.05.2022),Tato dopravní značka upozorňuje řidiče na:,/Vestnik/GetImageQuestion/eTesty_1236.png,železniční přejezd se závorami ve vzdálenosti 240 m.,železniční přejezd bez závor ve vzdálenosti 240 m.,železniční přejezd se závorami ve vzdálenosti 180 m.
[22050027],(27.05.2022),Řidič vozidla z výhledu je upozorňován:,/Vestnik/GetImageQuestion/eTesty_1237.png,na nebezpečnou zatáčku vpravo.,"na skutečnost, že za zatáčkou je ve vzdálenosti 240 m železniční přejezd.","na tři po sobě následující zatáčky, z nichž první je vpravo."
[22050028],(27.05.2022),Tato dopravní značka:,/Vestnik/GetImageQuestion/eTesty_1238.png,upozorňuje na úsek pozemní komunikace směřující na nechráněné nábřeží nebo břeh vodní plochy.,"upozorňuje na místo, kde je možné použít přívoz.",upozorňuje na zvedací nebo jiný pohyblivý most.
[22050029],(27.05.2022),Tato dopravní značka upozorňuje na:,/Vestnik/GetImageQuestion/eTesty_1239.png,zvedací nebo jiný pohyblivý most.,nábřeží.,zvýšenou hladinu vodní plochy.
[22050032],(27.05.2022),Řidič vozidla z výhledu v následujícím úseku:,/Vestnik/GetImageQuestion/eTesty_1327.png,by měl jet doporučenou rychlostí 20 km/h.,musí jet rychlostí minimálně 20 km/h.,nesmí překročit rychlost 20 km/h.
[22100015],(18.10.2022),Tato svislá dopravní značka označuje:,/Vestnik/GetImageQuestion/eTesty_1361.png,"Parkoviště, na kterém lze zastavit za účelem vystoupení a nastoupení osob.","Parkoviště, kde je dovoleno zastavení a stání.","Záchytné parkoviště, ze kterého lze pokračovat v jízdě prostředkem hromadné dopravy osob."
[22100035],(20.10.2022),Řidič vozidla z výhledu pokračující v přímém směru:,/Vestnik/GetImageQuestion/eTesty_1453.png,musí za vyobrazenou dopravní značkou dát přednost v jízdě vozidlům nebo jezdcům na zvířatech přijíždějícím zprava nebo organizované skupině chodců nebo průvodcům hnaných zvířat se zvířaty přicházejícím zprava.,musí za vyobrazenou dopravní značkou dát přednost v jízdě vozidlům nebo jezdcům na zvířatech přijíždějícím zleva nebo organizované skupině chodců nebo průvodcům hnaných zvířat se zvířaty přicházejícím zleva.,musí za vyobrazenou dopravní značkou dát přednost v jízdě pouze vozidlům.
[23030005],(08.03.2023),Sestava jednotlivých šipek umístěných za sebou upozorňuje řidiče vozidla z výhledu:,/Vestnik/GetImageQuestion/eTesty_1357.png,"Na nebezpečnou zatáčku vlevo, v níž musí řidič výrazně snížit rychlost jízdy.","Na tři po sobě následující zatáčky, z nichž první je vlevo.","Na skutečnost, že za zatáčkou je ve vzdálenosti 240 m železniční přejezd."
[23030006],(08.03.2023),Tato dopravní značka zakazuje:,/Vestnik/GetImageQuestion/eTesty_1399.png,"Vjezd do vyznačeného jízdního pruhu nákladním automobilům, tahačům přívěsu nebo návěsu a speciálním automobilům, značka neplatí pro obytné automobily.",Předjíždění pro všechna nákladní vozidla ve vyznačeném úseku.,Jízdu ve vyznačeném jízdním pruhu pro nákladní vozidla s největší přípustnou hmotností nad 12 t.
[23030007],(08.03.2023),"Značka informuje o zákazu vjezdu, který za nejbližší křižovatkou platí v přímém směru pro:",/Vestnik/GetImageQuestion/eTesty_1409.png,Všechna vozidla s okamžitou hmotností nad 6 t.,Všechna vozidla s celkovou hmotností do 6 t.,Nákladní vozidla s největší povolenou hmotností nad 6 t.
[23030010],(08.03.2023),Tato dopravní značka:,/Vestnik/GetImageQuestion/eTesty_1479.png,"Zakazuje vjezd vozidlům přepravujícím ropu nebo ropné materiály nebo jiné látky, které by mohly způsobit ohrožení životního prostředí, zejména znečištění vody.","Zakazuje vjezd vozidlům, která přepravují výbušniny, snadno hořlavý nebo jinak nebezpečný náklad.","Zakazuje vjezd vozidel nebo jízdních souprav přepravujících sypké materiály, které nemají zakrytý nákladový prostor."
[23030022],(08.03.2023),"Smí do takto označeného úseku (na most), vjet řidič osobního automobilu délky 5 m s obytným přívěsem délky 6 m?",/Vestnik/GetImageQuestion/eTesty_1507.png,"Ne, součet délky tažného vozidla a přípojného vozidla je více než 8 m.","Ano, ani jedno z vozidel soupravy není delší než 8 m.","Ano, zákaz se nevztahuje na osobní vozidla."
[23030023],(08.03.2023),Řidič nákladního automobilu z výhledu s nejvyšší povolenou hmotností 3 300 kg s přípojným vozidlem s nejvyšší povolenou hmotností 2 000 kg:,/Vestnik/GetImageQuestion/eTesty_1509.png,Nesmí vjet do takto označeného úseku. Součet nejvyšších povolených hmotností vozidel soupravy je vyšší než nejvyšší povolená hmotnost vyznačená na dopravní značce.,"Smí do takto označeného úseku vjet, ani jedno z vozidel soupravy nepřesahuje povolenou hmotnost.","Smí do takto označeného úseku vjet, zákaz se vztahuje pouze na „velká“ nákladní vozidla."
[23030031],(08.03.2023),"Řidič vozidla z výhledu smí vjet do levého jízdního pruhu, pokud:",/Vestnik/GetImageQuestion/eTesty_1580.png,"Okamžitá šířka vozidla včetně nákladu a zpětných zrcátek není větší než 2,2 m.","Největší povolená šířka vozidla dle technického průkazu bez sklopné části zrcátek není menší než 2,2 m.","Dodrží odstup od před ním jedoucího vozidla nejméně 2,2 m."
[24030008],(05.03.2024),Vyberte správný význam vyobrazeného dopravního značení:,/Vestnik/GetImageQuestion/eTesty_1727.png,Ve vzdálenosti 1500 m (za vyobrazenou dopravní značkou) následuje zákaz vjezdu všech vozidel v obou směrech.,Ve vzdálenosti 1500 m (za vyobrazenou dopravní značkou) končí úsek zákazu vjezdu všech motorových vozidel v obou směrech.,Zákaz vjezdu všech vozidel v obou směrech. Úsek je dlouhý 1500 m.
[24030022],(05.03.2024),Tato dopravní značka označuje oblast:,/Vestnik/GetImageQuestion/eTesty_1813.png,Kde platí pravidla silničního provozu pro provoz ve sdílené zóně.,Kde platí pravidla silničního provozu pro provoz v obytné zóně.,Kde platí pravidla silničního provozu pro provoz v pěší zóně.
[24030023],(05.03.2024),Jak se musí zachovat řidič v úseku za vyobrazenou dopravní značkou?,/Vestnik/GetImageQuestion/eTesty_1814.png,Je povinen dodržovat pravidla silničního provozu platná pro jízdu ve sdílené zóně.,Musí dodržovat pravidla silničního provozu platná pro pohyb v pěší zóně.,Musí dodržovat pouze obecná pravidla silničního provozu.
[24030024],(05.03.2024),Co vyznačuje vyobrazená dopravní značka?,/Vestnik/GetImageQuestion/eTesty_1815.png,Konec sdílené zóny.,Konec obytné zóny.,Konec pěší zóny.
[24030025],(05.03.2024),Jaká pravidla silničního provozu musíte dodržovat mimo zónu označenou vyobrazenou dopravní značkou?,/Vestnik/GetImageQuestion/eTesty_1816.png,Nemusím již dodržovat pravidla silničního provozu pro jízdu ve sdílené zóně.,Musím dále dodržovat ustanovení platná pro jízdu ve sdílené zóně.,Platí ustanovení pro jízdu mimo obec.
[24030026],(05.03.2024),Co vyznačuje vyobrazená dopravní značka?,/Vestnik/GetImageQuestion/eTesty_1817.png,"Parkoviště, které je určeno pro parkování vozidel, jejichž řidič odtud bezprostředně pokračuje v jízdě jako cestující v jiném vozidle v rámci spolujízdy.","Parkoviště, které je určeno pro zastavení vozidel za účelem vystoupení přepravovaných dětí před školou.","Parkoviště, které je určeno pro parkování vozidel, jejichž řidič pokračuje v jízdě veřejnou dopravou."
[24030027],(05.03.2024),Tato dopravní značka:,/Vestnik/GetImageQuestion/eTesty_1818.png,Ve spojení s příslušnou vodorovnou dopravní značkou „Bezpečný odstup“ informuje o bezpečném odstupu mezi jedoucími vozidly.,Stanovuje řidiči dodržet rozestup min. 200 m za vpředu jedoucím vozidlem.,Informuje řidiče hodlajícího podélně zaparkovat vozidlo o nutnosti dodržet vyznačený rozestup mezi vozidly.
[24030028],(05.03.2024),Jaký je význam vyobrazené dopravní značky?,/Vestnik/GetImageQuestion/eTesty_1819.png,Označuje servisní místo pro sanitaci hygienických zařízení obytných automobilů a obytných přívěsů.,Označuje místo pro parkování obytných vozidel.,Označuje místo pro kempování obytných vozidel a obytných přívěsů.
[24070011],(22.07.2024),Vyobrazený směrový sloupek:,/Vestnik/GetImageQuestion/1520.png,Vyznačuje vyústění polní a lesní cesty na pozemní komunikaci.,Používá se pro vyznačení křižovatky silnic nižší třídy.,Označuje okraj pozemní komunikace.
[24070012],(22.07.2024),"Jak se zachová řidič v případě, že vyjíždí z komunikace označené vyobrazenými sloupky?",/Vestnik/GetImageQuestion/1639.png,"Dá přednost v jízdě všem vozidlům, jedoucím po komunikaci, na kterou vyjíždí.","Dá přednost v jízdě vozidlům, přijíždějícím zprava.",Dá přednost v jízdě vozidlům přijíždějícím zleva.
[24070015],(22.07.2024),Řidič nákladního automobilu:,/Vestnik/GetImageQuestion/1642.png,"Může odbočit vpravo, přitom nesmí ohrozit ani omezit cyklistu jedoucího ve vyhrazeném jízdním pruhu.",Musí odbočit vpravo.,Nesmí odbočit vpravo.
[24070016],(22.07.2024),Řidič motocyklu na nejbližší křižovatce:,/Vestnik/GetImageQuestion/1643.png,"Může odbočit vpravo, přitom nesmí ohrozit ani omezit cyklistu jedoucího ve vyhrazeném jízdním pruhu.","Může odbočit vpravo, přičemž mu cyklista jedoucí ve vyhrazeném jízdním pruhu musí dát přednost v jízdě.",Nesmí odbočit vpravo.
[24070021],(22.07.2024),Jak se má zachovat řidič motocyklu ve vyobrazené dopravní situaci?,/Vestnik/GetImageQuestion/1694.png,Zastaví motocykl před zúžením.,Jednostopé vozidlo může zúžením projet.,Musí se s řidičem protijedoucího vozidla domluvit.
[24070025],(22.07.2024),Může se motocyklista zařadit před světelnou křižovatkou do prostoru vyznačeného vodorovnou dopravní značkou?,/Vestnik/GetImageQuestion/1708.png,"Nemůže, prostor je vyhrazen pouze cyklistům.","Může, motocyklista se řadí na křižovatce před ostatní vozidla.","Může, pokud je tam dostatek prostoru."
[24070031],(22.07.2024),Jaký je význam vyobrazené dopravní značky:,/Vestnik/GetImageQuestion/eTesty_1809.png,"Značka informuje řidiče o tom, že řidič protijedoucího vozidla smí do následujícího úseku pozemní komunikace vjet pouze v případě, kdy se jeho a protijedoucí vozidlo mohou bezpečně vyhnout.","Značka přikazuje řidiči dát přednost v jízdě protijedoucímu vozidlu v případě,kdy se protijedoucí vozidla nemohou bezpečně vyhnout.",Značka přikazuje jízdu po křižovatce ve směru šipek na značce zobrazených.
[24070033],(22.07.2024),Řidič autobusu:,/Vestnik/GetImageQuestion/1875.png,Nesmí odbočit vpravo.,Musí odbočit vpravo.,"Může odbočit vpravo, přitom nesmí ohrozit ani omezit cyklistu jedoucího ve vyhrazeném jízdním pruhu."
[24070035],(22.07.2024),Do úseku pozemní komunikace za vyobrazenou dopravní značkou:,/Vestnik/GetImageQuestion/eTesty_1877.png,Je zakázán vjezd všech motorových vozidel s výjimkou motocyklů bez postranního vozíku.,Je zakázán vjezd jen osobním automobilům.,Je zakázán vjezd všem motorovým vozidlům.
