269,06050295,Tato dopravní značka:,"A: Upozorňuje na dvě nebo více po sobě následujících zatáček (směrových oblouků), z nichž první je vlevo, a jejichž bezpečné projetí vyžaduje výrazné snížení rychlosti jízdy.","B: Upozorňuje na místo nebo úsek pozemní komunikace, kde může dojít ke smyku vozidla i za neztížených povětrnostních podmínek.","C: Upozorňuje na dvě nebo více po sobě následujících zatáček (směrových oblouků), z nichž první je vpravo, a jejichž bezpečné projetí vyžaduje výrazné snížení rychlosti jízdy.",./assets/151.gif
456,06060399,"V situaci na obrázku musí řidič při řízení zohlednit, že:","A: Je dopravní značkou předem upozorňován na přechod pro chodce, který bude následovat ve vzdálenosti 150 m.","B: Je dopravní značkou upozorňován na úsek o délce 150 m, kde lze očekávat zvýšený pohyb chodců.","C: Je dopravní značkou předem upozorňován na práci na silnici, která je vykonávána ve vzdálenosti 150 m.",
526,06060258,Tato dopravní značka:,B: Platí jen pro nejbližší křižovatku.,"A: Platí pro všechny následující křižovatky v přímém směru, pokud její platnost není ukončena dopravní značkou ""Hlavní pozemní komunikace"".","C: Platí pro všechny křižovatky na území obce, které je označeno příslušnou dopravní značkou.",
1408,16010007,Která z vyobrazených dopravních značek neupravuje přednost.,C: .,A: .,B: .,./screenshots/16010007.png
1427,16010008,Která z vyobrazených dopravních značek neupravuje přednost.,C: .,A: .,B: .,./screenshots/16010008.png
1441,16010009,Která z vyobrazených dopravních značek neupravuje přednost.,B: .,A: .,C: .,./screenshots/16010009.png
1446,06040194,Tato dopravní značka označuje:,C: Hlavní pozemní komunikaci,A: Vedlejší pozemní komunikaci.,B: Konec hlavní pozemní komunikace.,./assets/1358.gif
1604,06040193,"Jak se zachováte v místě, kde je tato výstražná dopravní značka?","B: Přizpůsobím jízdu tomu, že se vozovka oproti předcházejícímu úseku výrazně zužuje, a to z obou stran","A: Nezměním způsob jízdy ani chování, protože není důvod očekávat změnu dopravní situace.","C: Zvýším rychlost jízdy, abych byl co nejrychleji z místa zúžení.",./assets/1404.jpg
1803,06050074,Vyobrazená dopravní značka:,A: Přikazuje řidiči motorového vozidla o třech a více kolech pokračovat v jízdě až po nasazení sněhových řetězů na nejméně dvě hnací kola.,B: Doporučuje řidiči motorového vozidla o třech a více kolech pokračovat v jízdě až po nasazení sněhových řetězů.,C: Zakazuje vjezd vozidlům s nasazenými sněhovými řetězy.,./assets/1424.gif
1863,06060058,Tato dopravní značka:,"A: Upozorňuje zejména na místo, kde tramvaj křižuje směr jízdy ostatních vozidel.",B: Upozorňuje na železniční přejezd bez závor.,"C: Upozorňuje na místo, kde má řidič povinnost dát přednost v jízdě tramvaji, a to zejména mimo křižovatku",./assets/1495.jpg
1866,06060056,Tato výstražná dopravní značka upozorňuje řidiče:,"A: Na úsek pozemní komunikace, kde je nebezpečné vjet na krajnici.","B: Na místo nebo úsek pozemní komunikace, kde je dovolené parkování na krajnici.",C: Na místo dopravní nehody.,./assets/1502.jpg
1867,06060055,Tato výstražná dopravní značka:,A: Upozorňuje řidiče na železniční přejezd nevybavený závorami.,B: Upozorňuje řidiče na železniční přejezd vybavený závorami.,C: Upozorňuje řidiče na jednokolejný železniční přejezd.,./assets/1505.jpg
1868,06060057,Tato dopravní značka:,"A: Se umisťuje ve vzdálenosti 160 m před železničním přejezdem, na nějž upozorňuje.","B: Se umisťuje ve vzdálenosti 140 m před železničním přejezdem, na nějž upozorňuje.","C: Se umisťuje ve vzdálenosti 240 m před železničním přejezdem, na nějž upozorňuje.",./assets/1509.jpg
1870,06060059,Tato dopravní značka:,"A: Upozorňuje na jednokolejný železniční přejezd.
Je-li řidič povinen před železničním přejezdem zastavit vozidlo, zastaví před touto značkou.","B: Upozorňuje na jednokolejný železniční přejezd.
Je-li řidič povinen před železničním přejezdem zastavit vozidlo, zastaví na místě, odkud má na železniční trať náležitý rozhled.","C: Upozorňuje na vícekolejný železniční přejezd, kde je potřeba dbát zvýšené opatrnosti pro případ současného průjezdu vlaků z obou směrů.",./assets/1514.jpg
1915,06060296,Za nejbližší svislou dopravní značkou jako řidič vozidla z výhledu:,A: Máte přednost v jízdě před protijedoucími vozidly.,B: Musíte dát přednost v jízdě protijedoucím vozidlům.,"C: Musíte jet po krajnici, pokud je to nezbytné pro vyhnutí se protijedoucím vozidlům, která nesmíte omezit.",
1920,06060297,V úseku za touto dopravní značkou:,A: Smí jet řidič rychlostí nejvýše 20 km/h.,B: Smí jet řidič rychlostí nejvýše 30 km/h.,C: Smí jet řidič rychlostí nejvýše 50 km/h.,
1921,06060298,V úseku za touto dopravní značkou:,A: Smí řidič stát jen na místech označených jako parkoviště; zastavit však smí i mimo parkoviště.,"B: Není zastavení, stání ani parkování právní úpravou omezeno.",C: Smí řidič zastavit a stát jen na místech označených jako parkoviště.,
1922,06060299,V úseku za touto dopravní značkou:,"A: Musí řidič dbát zvýšené ohleduplnosti vůči chodcům, které nesmí ohrozit.","B: Má vždy řidič motorového i nemotorového vozidla přednost před chodci, kteří ho nesmějí omezit.",C: Musí řidič dbát zvýšené ohleduplnosti vůči chodcům jen na přechodech pro chodce.,
1923,06060300,Za vyobrazenou dvojicí dopravních značek:,A: Bude řidič vjíždět na kruhový objezd; vozidlům jedoucím po kruhovém objezdu musí dát přednost v jízdě.,B: Bude řidič vjíždět na dálnici; je povinen použít připojovací pruh a musí dát přednost v jízdě vozidlům jedoucím v průběžném pruhu.,"C: Musí řidič odbočit vlevo, přičemž je povinen dát přednost v jízdě vozidlům jedoucím v obou směrech.",
1925,06050156,Tato značka upozorňuje na:,"A: Místo,kde se vozovka oproti předcházejícímu úseku výrazně zužuje, a to z obou stran.","B: Místo, kde se vozovka oproti předcházejícímu úseku výrazně zužuje z jedné strany.","C: Místo, kde při souběžné jízdě platí střídavé řazení do jízdního proudu průběžného pruhu.",
1928,06060406,Za touto dopravní značkou:,A: Je řidiči zakázáno jet rychlostí více než 30 km/h.,"B: Je řidiči přikázáno jet rychlostí nejméně 30 km/h, pokud s ohledem na provozní podmínky lze této rychlosti dosáhnout.",C: Je řidiči doporučeno řidiči jet rychlostí nejvýše 30 km/h.,
1929,06060407,Ve vyobrazené situaci:,"A: Musí řidič přizpůsobit jízdu s předpokladem, že za horizontem bude snižovat rychlost jízdy nebo zastavovat před přechodem pro chodce.","B: Musí řidič snížit rychlost jízdy, neboť je upozorněn dopravní značkou na úsek pozemní komunikace, kde místní podmínky činí klesání nebezpečným.","C: Musí řidič snížit rychlost jízdy z důvodu umělé nerovnosti na vozovce, jejímž účelem je zejména snížení rychlosti jedoucích vozidel.",
1931,06060415,Lze za nejbližší dopravní značkou zastavit za účelem neprodleného vystoupení přepravovaných osob?,A: Ano.,B: Ne.,,
1933,06060405,Za touto dopravní značkou:,A: Může řidič zastavit na dobu nezbytně nutnou k neprodlenému nastoupení nebo vystoupení přepravovaných osob anebo k neprodlenému naložení nebo složení nákladu; stát tam však nesmí.,B: Nesmí řidič ani zastavit na dobu nezbytně nutnou k neprodlenému nastoupení nebo vystoupení přepravovaných osob anebo k neprodlenému naložení nebo složení nákladu.,"C: Nesmí řidič zastavit, stát ani zastavit vozidlo.",
1936,06060302,"Pokud jako řidič vidíte na vozovce tento symbol, musíte:","A: Přizpůsobit jízdu tomu, že se blížíte k přechodu pro chodce.","B: Snížit rychlost jízdy na 20 km/h, protože vjíždíte do pěší zóny.","C: Zastavit vozidlo, protože za ním začíná stezka pro chodce, na kterou nesmíte vjíždět.",
1937,06060303,Na vyobrazené křižovatce musíte jako řidič vozidla z výhledu:,B: Odbočit vpravo.,A: Dát přednost v jízdě vozidlům přijíždějícím zleva.,C: Dát přednost v jízdě vozidlům v obou směrech.,
1942,06060304,Za touto dopravní značkou smíte jet rychlostí:,"A: Nejvýše 50 km/h, protože vjíždíte do obce.","B: Nejvýše 20 km/h, protože vjíždíte do obytné zóny.","C: Nejvýše 60 km/h, protože vjíždíte do obce.",
1943,06060306,Za touto dopravní značkou řidič:,"A: Musí dbát zvýšené opatrnosti a dát přednost v jízdě protijedoucímu vozidlu, pokud se s ním nemůže bezpečně vyhnout.","B: Nemusí měnit způsob jízdy, protože má přednost v jízdě před protijedoucími vozidly.","C: Protijedoucího vozidla smí do následujícího úseku pozemní komunikace vjet pouze v případě, kdy se jeho a protijedoucí vozidlo mohou bezpečně vyhnout.",
1957,06060307,Řidič vozidla z výhledu:,A: Smí pokračovat v jízdě pouze ve směru přímo přitom musí dát přednost v jízdě vozidlům přijíždějícím zprava.,"B: Smí pokračovat v jízdě pouze ve směru přímo a přitom má přednost v jízdě, protože přijíždí po hlavní pozemní komunikaci.",C: Smí pokračovat v jízdě pouze ve směru přímo přitom nemusí dát přednost v jízdě vozidlům přijíždějícím zprava.,./assets/1642.jpg
1991,16010016,"Vyberte dopravní značku ""Nejnižší dovolená rychlost"", která řidiči přikazuje, pokud to ostatní okolnosti provozu na pozemních komunikacích dovolují, jet nejméně rychlostí vyjádřenou na značce číslem v kilometrech za hodinu.",A: .,B: .,C: .,./screenshots/16010016.png
1993,06050224,Tato dopravní značka:,"A: Upozorňuje na zatáčku (směrový oblouk) vpravo, jehož bezpečné projetí vyžaduje výrazné snížení rychlosti jízdy.","B: Upozorňuje na nebezpečnou zatáčku, v níž musí řidič výrazně snížit rychlost jízdy, a usměrňuje provoz ve směru šipky.","C: Upozorňuje na zatáčku (směrový oblouk) vlevo, jehož bezpečné projetí vyžaduje výrazné snížení rychlosti jízdy.",./assets/1647.jpg
1996,06050218,Tato dopravní značka upozorňuje:,"A: Na dvě nebo více po sobě následujících zatáček (směrových oblouků), z nichž první je vpravo, a jejichž bezpečné projetí vyžaduje výrazné snížení rychlosti jízdy.","B: Na zatáčku (směrový oblouk) vpravo, jehož bezpečné projetí vyžaduje výrazné snížení rychlosti jízdy.","C: Na dvě nebo více po sobě následujících zatáček (směrových oblouků), z nichž první je vlevo, a jejichž bezpečné projetí vyžaduje výrazné snížení rychlosti jízdy.",./assets/1650.jpg
1997,06050204,Tato dopravní značka:,"A: Upozorňuje na dvě nebo více po sobě následujících zatáček (směrových oblouků), z nichž první je vlevo, a jejichž bezpečné projetí vyžaduje výrazné snížení rychlosti jízdy.","B: Upozorňuje na dvě nebo více po sobě následujících zatáček (směrových oblouků), z nichž první je vpravo, a jejichž bezpečné projetí vyžaduje výrazné snížení rychlosti jízdy.","C: Upozorňuje na zatáčku (směrový oblouk) vpravo, jehož bezpečné projetí vyžaduje výrazné snížení rychlosti jízdy.",./assets/1651.jpg
1998,06050217,Tato dopravní značka:,"A: Upozorňuje na křižovatku, kde na rozdíl od svého předcházejícího průběhu již není pozemní komunikace hlavní a uplatňuje se zde ustanovení o přednosti v jízdě vozidel přijíždějících zprava.","B: Upozorňuje předem na křižovatku, kde je přednost v jízdě upravena dopravními značkami.","C: Upozorňuje na jednokolejný železniční přejezd.
Je-li řidič povinen před železničním přejezdem zastavit vozidlo, zastaví před touto značkou.",./assets/1652.jpg
2000,06050277,Tato dopravní značka:,"A: Upozorňuje na úsek pozemní komunikace, kde místní podmínky činí klesání nebezpečným. Na značce se uvádí skutečný nejvyšší podélný sklon vozovky.","B: Upozorňuje na klesající úsek pozemní komunikace, kde lze při sníženém účinku brzd, zastavit vozidlo pomocnými prostředky, například protisvahem, hrubým štěrkovým povrchem apod. Na značce se uvádí skutečný nejvyšší podélný sklon vozovky.",C: Upozorňuje na úsek pozemní komunikace s prudkým stoupáním. Na značce se uvádí skutečný nejvyšší podélný sklon vozovky.,./assets/1654.jpg
2002,06050202,Tato dopravní značka:,"A: Upozorňuje na místo, kde se vozovka oproti předcházejícímu úseku výrazně zužuje, a to z obou stran.","B: Upozorňuje na místo, kde se vozovka oproti předcházejícímu úseku výrazně rozšiřuje, a to z obou stran.","C: Upozorňuje na místo, kde se snižuje počet jízdních pruhů a kde při souběžné jízdě platí střídavé řazení do jízdního proudu.",./assets/1656.jpg
2005,06050222,Tato dopravní značka:,"A: Upozorňuje na umělou nerovnost na vozovce, jejímž účelem je zejména snížení rychlosti jedoucích vozidel.","B: Upozorňuje na hrboly, výtluky, díry a jiné nerovnosti ve vozovce nebo na úsek s nerovným povrchem vozovky, vyžadující zvýšenou opatrnost nebo výrazné snížení rychlosti jízdy.",C: Upozorňuje na nerovnosti ve vozovce nebo na úsek s nerovným povrchem vozovky způsobeným vyjetými kolejemi.,./assets/1659.jpg
2006,06050201,Tato dopravní značka:,"A: Upozorňuje na místo nebo úsek pozemní komunikace, kde může dojít ke smyku vozidla i za neztížených povětrnostních podmínek.","B: Upozorňuje na dvě nebo více po sobě následujících zatáček (směrových oblouků), z nichž první je vlevo, a jejichž bezpečné projetí vyžaduje výrazné snížení rychlosti jízdy.","C: Upozorňuje na místo nebo úsek pozemní komunikace, kde může dojít ke smyku vozidla za ztížených povětrnostních podmínek, například za deště nebo sněžení.",./assets/1660.jpg
2007,06050215,Tato dopravní značka:,"A: Upozorňuje na úsek pozemní komunikace, kde je na rozdíl od předcházejícího úseku provoz vozidel veden dočasně nebo trvale v obou směrech.","B: Upozorňuje na úsek pozemní komunikace, kde je provoz veden střídavě v obou směrech.","C: Upozorňuje na úsek pozemní komunikace, kde je řidič povinen dát přednost v jízdě protijedoucímu vozidlu v případě, kdy se protijedoucí vozidla nemohou bezpečně vyhnout.",./assets/1661.jpg
2008,06050203,Tato dopravní značka:,"A: Upozorňuje na místo, kde je provoz na pozemní komunikaci řízen světelnými signály, které by řidič jinak neočekával, nebo které nejsou s ohledem na místní podmínky viditelné z dostatečné vzdálenosti.","B: Upozorňuje na železniční přejezd, který je vybaven přejezdovým zabezpečovacím zařízením, které by řidič jinak neočekával.","C: Upozorňuje na každou křižovatku, na které je provoz řízen světelnými signály.",./assets/1662.jpg
2009,06050200,Tato dopravní značka:,"A: Upozorňuje na přechod pro chodce, který by řidič jinak neočekával a který není viditelný z dostatečné vzdálenosti.",B: Upozorňuje na místo nebo úsek pozemní komunikace s možností zvýšeného výskytu chodců anebo častého přecházení chodců přes pozemní komunikaci.,"C: Upozorňuje na místo nebo úsek pozemní komunikace, v jejichž blízkosti se chodci často pohybují nebo shromažďují, přecházejí vozovku, nebo kde hrozí zvýšené nebezpečí jejich nenadálého vběhnutí do vozovky.",./assets/1663.jpg
2010,06050205,Tato dopravní značka upozorňuje na místo nebo úsek pozemní komunikace:,"A: V jejichž blízkosti se děti často pohybují nebo shromažďují, přecházejí vozovku, nebo kde hrozí zvýšené nebezpečí jejich nenadálého vběhnutí do vozovky.","B: S předpokladem zvýšeného výskytu chodců anebo častého přecházení chodců přes pozemní komunikaci v místě, kde není zřízen přechod pro chodce, např. v místě pro přecházení.",C: Kde se nachází zastávka autobusu přepravujícího děti a kde je řidič povinen dbát zvýšené opatrnosti vůči nebezpečí jejich nenadálého vběhnutí do vozovky.,./assets/1664.jpg
2011,06050225,"Tato dopravní značka upozorňuje na místo nebo úsek pozemní komunikace, kde:","A: Může docházet k častému výskytu domácích zvířat na pozemní komunikaci, přičemž na značce může být použít i jiný určený symbol zvířete.","B: Může docházet k častému výskytu divoké zvěře na pozemní komunikaci, přičemž na značce může být použít i jiný určený symbol volně žijícího živočicha.",C: Platí zákaz hnaní domácích zvířat po pozemní komunikaci.,./assets/1665.jpg
2012,06050216,"Tato dopravní značka upozorňuje na místo nebo úsek pozemní komunikace, kde:","A: Může docházet k častému výskytu divoké zvěře na pozemní komunikaci, přičemž na značce může být použít i jiný určený symbol volně žijícího živočicha.","B: Může docházet k častému výskytu domácích zvířat na pozemní komunikaci, přičemž na značce může být použít i jiný určený symbol zvířete.",C: Platí zákaz používání výstražných zvukových znamení z důvodu ochrany divoké zvěře.,./assets/1666.jpg
2013,06050213,Tato dopravní značka upozorňuje na:,"A: Práci na pozemní komunikaci nebo v jejím bezprostředním okolí, která by mohla ohrozit bezpečnost provozu na pozemních komunikacích nebo při níž by mohli být provozem ohroženi pracovníci tuto činnost vykonávající.","B: Místo nebo úsek pozemní komunikace, kde může docházet k časté nakládce a vykládce vozidel správce pozemní komunikace.","C: Místo nebo úsek pozemní komunikace, kde může docházet k častému pohybu hrajících si dětí.",./assets/1667.jpg
2014,06050214,Tato dopravní značka:,"A: Upozorňuje na místo s nebezpečím náhlého poryvu bočního větru, který může ohrozit bezpečnost provozu na pozemních komunikacích.","B: Upozorňuje na místo, v jehož blízkosti je umístěn větrný rukáv, z jehož pohybu je patrný směr a síla větru.","C: Upozorňuje na místo, v jehož blízkosti je letiště, kde v malé výšce nad pozemní komunikací přelétávají letadla.",./assets/1668.jpg
2015,06050219,Tato výstražná dopravní značka:,"A: Upozorňuje na místo nebo úsek pozemní komunikace, kde se na vozovce vyskytuje volný štěrk, který by mohl ohrozit bezpečnost účastníků provozu na pozemních komunikacích.","B: Upozorňuje na místo nebo úsek pozemní komunikace, kde řidič musí dbát zvýšené opatrnosti vůči ostatním účastníkům provozu na pozemních komunikacích vzhledem k častému výskytu vodních kaluží.","C: Upozorňuje na místo nebo úsek pozemní komunikace, kde se může vlivem sesuvů nebo padání kamenů na pozemní komunikaci vyskytovat kamení nebo zemina.",./assets/1669.jpg
2017,06050211,Tato dopravní značka:,"A: Upozorňuje na místo, kde cyklisté vjíždějí na vozovku nebo ji přejíždějí, anebo na úsek, kde se cyklisté často vyskytují.",B: Zakazuje vjezd cyklistům a jízdu na jízdním kole. Vedení jízdního kola cyklistou je povoleno.,C: Přikazuje cyklistům užít v daném směru takto označeného pruhu nebo stezky.,./assets/1671.jpg
2018,06050223,Tato dopravní značka:,"A: Upozorňuje na místo, kde v malé výšce nad pozemní komunikací přelétávají letadla.",B: Informuje o jiném cíli než obci nebo její části. Za jiný cíl se ve vyobrazeném případě považuje letiště.,C: Upozorňuje na úsek pozemní komunikace směřující na nechráněné letiště.,./assets/1672.jpg
2019,06050221,Tato dopravní značka:,"A: Upozorňuje na jiné nebezpečí než to, které je možno označit příslušnou výstražnou značkou.","B: Upozorňuje na změnu místní úpravy provozu na pozemních komunikacích, změnu v organizaci dopravy, neobvyklé stavební uspořádání pozemní komunikace, místo s častým výskytem nehod apod.","C: Železniční přejezd, který není označen jinými dopravními značkami.",./assets/1673.jpg
2020,06050206,Tato dopravní značka:,A: Upozorňuje na nebezpečí výskytu kolony stojících nebo pomalu jedoucích vozidel.,"B: Upozorňuje na místo, kde při souběžné jízdě platí střídavé řazení do jízdního proudu průběžného pruhu.",C: Upozorňuje na bezpečný odstup mezi vozidly jedoucími v koloně.,./assets/1674.jpg
2021,06050207,Tato dopravní značka:,A: Upozorňuje na úsek se zvýšeným nebezpečím výskytu náledí na vozovce.,B: Upozorňuje řidiče motorového vozidla o třech a více kolech na povinnost pokračovat v jízdě až po nasazení sněhových (protiskluzových) řetězů na nejméně dvě hnací kola.,"C: Přikazuje řidiči motorového vozidla kategorie M nebo N, aby pokračoval v jízdě jen při splnění podmínek stanovených zákonem pro provoz vozidel v zimním období, a to bez ohledu na datum a aktuální nebo předpokládané povětrnostní podmínky.",./assets/1675.jpg
2022,06050210,Tato dopravní značka:,"A: Upozorňuje na místo, kde tramvaj křižuje směr jízdy ostatních vozidel.","B: Upozorňuje na místo, kde má řidič povinnost dát přednost v jízdě tramvaji, a to zejména mimo křižovatku.","C: Upozorňuje na místo nebo úsek pozemní komunikace, kde je povolena jízda podél tramvaje vlevo.",./assets/1676.jpg
2023,06050209,Tato dopravní značka:,A: Upozorňuje na nebezpečí výskytu mlhy nebo kouře.,"B: Upozorňuje na místo, hromadné dopravní nehody.","C: Upozorňuje na vjezd do tunelu, kde kromě obecných pravidel provozu na pozemních komunikacích platí zvláštní pravidla pro provoz v tunelu.",./assets/1677.jpg
2024,06050208,Tato dopravní značka:,"A: Upozorňuje řidiče na zatáčku (směrový oblouk) vpravo, jehož bezpečné projetí vyžaduje výrazné snížení rychlosti jízdy.",B: Vyznačuje skutečný tvar hlavní pozemní komunikace.,C: Označuje zejména nebezpečnou zatáčku a usměrňuje provoz ve směru šipky.,./assets/1678.jpg
2025,06050212,Tato dopravní značka:,"A: Upozorňuje na místo, kde cyklisté vjíždějí na vozovku nebo ji přejíždějí, anebo na úsek, kde se cyklisté často vyskytují.",B: Vyznačuje pruh nebo stezku pro cyklisty.,C: Označuje místo určené pro cyklisty čekající na světelný signál „Volno“.,./assets/1679.jpg
2031,06050252,Tato dopravní značka:,B: Zakazuje vjezd autobusům.,A: Označuje zastávku autobusu linkové osobní dopravy.,"C: Zakazuje vjezd všem motorovým vozidlům, s výjimkou autobusů.",./assets/1685.jpg
2033,06050242,Tato dopravní značka:,A: Zakazuje vjezd motocyklům.,B: Umožňuje vjezd motocyklům.,C: Zakazuje jen vjezd motocyklům s postranním vozíkem.,./assets/1687.jpg
2034,06050290,Tato dopravní značka:,B: Zakazuje vjezd cyklistům a jízdu na jízdním kole. Vedení jízdního kola cyklistou je povoleno.,A: Zakazuje vjezd všem vozidlům s výjimkou cyklistů.,C: Přikazuje cyklistům užít v daném směru takto označené stezky.,./assets/1688.jpg
2035,06050280,Tato dopravní značka:,A: Zakazuje vjezd potahových vozidel.,B: Zakazuje jezdci na zvířeti vjet se zvířetem na pozemní komunikaci za značkou.,C: Zakazuje vedení nebo hnaní zvířete na pozemní komunikaci za značkou.,./assets/1689.jpg
2037,06050256,Zákaz vjezdu podle vyobrazené dopravní značky platí pro:,A: Všechna motorová vozidla.,B: Vozidla vyznačených druhů.,C: Všechna vozidla.,./assets/1691.jpg
2039,06050255,Tato dopravní značka:,A: Zakazuje vjezd vozidlům vyznačených druhů.,B: Povoluje vjezd  vozidlům vyznačených druhů. Nevyznačená vozidla mají vjezd zakázán.,C: Zakazuje vjezd všem motorovým i nemotorovým vozidlům.,./assets/1693.jpg
2040,06050257,Tato dopravní značka zakazuje:,"A: Vjezd vozidel, jejichž okamžitá hmotnost přesahuje údaj uvedený na značce.","B: Vjezd vozidel, jejichž okamžitá hmotnost připadající na nápravu přesahuje údaj uvedený na značce.","C: Vjezd vozidel, jejichž nejvyšší dovolená hmotnost přesahuje vyznačenou mez.",./assets/1694.jpg
2042,06050241,"Tato dopravní značka zakazuje vjezd vozidel, jejichž:",A: Okamžitá šířka včetně nákladu a zpětných zrcátek je větší než údaj uvedený na značce.,B: Okamžitá délka včetně nákladu a příslušenství vozidla je větší než údaj uvedený na značce.,C: Okamžitá výška včetně nákladu je větší než údaj uvedený na značce.,./assets/1696.jpg
2043,06050258,Tato dopravní značka:,"A: Zakazuje vjezd vozidel, jejichž okamžitá výška včetně nákladu je vyšší než údaj uvedený na značce.",B: Upozorňuje na výšku nadcházejícího podjezdu s vyznačením hodnoty.,"C: Zakazuje vjezd vozidel, jejichž výška  je vyšší než údaj uvedený na značce, a to bez ohledu na náklad.",./assets/1697.jpg
2048,06050270,Tato dopravní značka:,A: Ukončuje platnost značky „Zákaz předjíždění pro nákladní automobily“.,"B: Ukončuje platnost všech zákazů, které jsou stanoveny pro jedoucí vozidla.",C: Zakazuje řidiči nákladního automobilu o nejvyšší povolené hmotnosti převyšující 3500 kg předjíždět motorové vozidlo vlevo.,./assets/1702.jpg
2049,06050263,Tato dopravní značka:,A: Zakazuje užívání výstražných zvukových znamení.,B: Ukončuje platnost značky „Zákaz výstražných zvukových znamení“.,C: Zakazuje užívání  všech výstražných znamení.,./assets/1703.jpg
2051,06050271,Tato značka:,"A: Zakazuje odbočování vpravo na nejbližší křižovatce, na účelovou komunikaci v místě jejího připojení nebo na místo ležící mimo pozemní komunikaci.","B: Zakazuje odbočování vlevo na nejbližší křižovatce, na účelovou komunikaci v místě jejího připojení nebo na místo ležící mimo pozemní komunikaci.","C: Ukončuje platnost zákazu odbočování vpravo na nejbližší křižovatce, na účelovou komunikaci v místě jejího připojení nebo na místo ležící mimo pozemní komunikaci.",./assets/1705.jpg
2052,06050269,Tato dopravní značka:,"A: Zakazuje odbočování vlevo na nejbližší křižovatce, na účelovou komunikaci v místě jejího připojení nebo na místo ležící mimo pozemní komunikaci.","B: Ukončuje zákaz odbočování vlevo na nejbližší křižovatce, na účelovou komunikaci v místě jejího připojení nebo na místo ležící mimo pozemní komunikaci. .","C: Zakazuje odbočování vpravo na nejbližší křižovatce, na účelovou komunikaci v místě jejího připojení nebo na místo ležící mimo pozemní komunikaci.",./assets/1706.jpg
2054,06050264,Tato dopravní značka:,A: Zakazuje otáčení.,"B: Upozorňuje na úsek, kde se otáčejí vozidla zimní údržby.",C: Ukončuje platnost zákazu otáčení.,./assets/1708.jpg
2057,06050526,Tato dopravní značka:,"A: Zakazuje zastavení nebo stání, tj. uvedení vozidla do klidu, kromě případů vyvolaných okolnostmi v provozu na pozemních komunikacích jako je např. stojící kolona vozidel apod.","B: Zakazuje stání, tj. uvedení vozidla do klidu na dobu delší, než je doba nezbytně nutná k neprodlenému nastoupení nebo vystoupení přepravovaných osob nebo k neprodlenému naložení a vyložení nákladu.",C: Zakazuje zastavení  s výjimkou doby nezbytně nutné k neprodlenému nastoupení nebo vystoupení přepravovaných osob anebo k neprodlenému naložení nebo složení nákladu.,./assets/1711.jpg
2058,06050274,Tato značka:,"B: Zakazuje stání, tj. uvedení vozidla do klidu na dobu delší, než je doba nezbytně nutná k neprodlenému nastoupení nebo vystoupení přepravovaných osob nebo k neprodlenému naložení a vyložení nákladu.","A: Zakazuje zastavení nebo stání, tj. uvedení vozidla do klidu, kromě případů vyvolaných okolnostmi v provozu na pozemních komunikacích jako je např. stojící kolona vozidel apod.","C: Ukončuje platnost zákazu zastavení na dobu delší, než je doba nezbytně nutná k neprodlenému nastoupení nebo vystoupení přepravovaných osob nebo k neprodlenému naložení a vyložení nákladu.",./assets/1712.jpg
2059,06050262,Tato dopravní značka:,A: Zakazuje chodcům vstoupit na pozemní komunikaci nacházející se v prostoru za značkou.,"B: Upozorňuje na místo nebo úsek pozemní komunikace s možností zvýšeného výskytu chodců anebo častého přecházení chodců přes pozemní komunikaci v místě, kde není zřízen přechod pro chodce.",C: Přikazuje chodcům užít v daném směru takto označené stezky. Ostatním účastníkům provozu na pozemních komunikacích je její užívání zakázáno.,./assets/1713.jpg
2060,06050261,Tato dopravní značka:,A: Zakazuje jezdci na zvířeti vjet se zvířetem na pozemní komunikaci za značkou; zákaz platí i pro vedení nebo hnaní takového zvířete.,B: Přikazuje jezdci na zvířeti užít takto označené pozemní komunikace nebo stezky; příkaz platí i pro i pro vedení nebo hnaní takového zvířete.,C: Označuje stezku pro jezdce na zvířeti; ostatním účastníkům provozu na pozemních komunikacích je její užívání zakázáno.,./assets/1714.jpg
2061,06060052,Tato dopravní značka:,"A: Zakazuje jízdu (nikoli jen vjezd) pro určená vozidla v území, pro které byla vyhlášena smogová situace podle zvláštního právního předpisu.","B: Upozorňuje řidiče na oblast, zejména část obce, kde je omezen provoz vozidel, která nesplňují zvláštní emisní podmínky.","C: Zakazuje jízdu vozidlům, která nemají přidělenou emisní plaketu na základě jejich emisní kategorie odrážející zátěž životního prostředí.",./assets/1715.jpg
2079,16010002,"Která značka upozorňuje na práci na pozemní komunikaci nebo v jejím bezprostředním okolí, která by mohla ohrozit bezpečnost provozu na pozemních komunikacích nebo při níž by mohli být provozem ohroženi pracovníci tuto činnost vykonávající.?",C: .,A: .,B: .,./screenshots/16010002.png
2081,16010010,Která značka nepatří do skupiny značek výstražných?,B: .,A: .,C: .,./screenshots/16010010.png
2083,06060053,Která z vyobrazených dopravních značek nepatří do značek upravujících přednost?,C: .,A: .,B: .,./screenshots/06060053.png
2084,06050642,Která z těchto dopravních značek zakazuje zastavení?,A: .,B: .,C: .,./screenshots/06050642.png
2088,06050260,Označte správný význam značky:,"A: Zakazuje zastavení  tj. uvedení vozidla do klidu, kromě případů vyvolaných okolnostmi v provozu na pozemních komunikacích jako je např. stojící kolona vozidel apod.","B: Zakazuje stání, tj. uvedení vozidla do klidu na dobu delší, než je doba nezbytně nutná k neprodlenému nastoupení nebo vystoupení přepravovaných osob nebo k neprodlenému naložení a vyložení nákladu.",C: Ukončuje platnost zákazu stání.,./assets/1719.jpg
2091,16010003,S čím musíte počítat v místě označeném touto dopravní značkou?,"A: S cyklisty, kteří vjíždějí na vozovku nebo ji přejíždějí, anebo na úsek, kde se cyklisté často vyskytují.",B: S cyklistickými trasami v místě jejich vzájemného křížení.,C: S cyklisty čekajícími na světelný signál „Volno“.,./assets/1720.jpg
2098,16010004,Co vám říká tato dopravní značka?,"A: Upozorňuje na zatáčku (směrový oblouk) vpravo, jehož bezpečné projetí vyžaduje výrazné snížení rychlosti jízdy.",B: Přikazuje jízdu ve směru vpravo bezprostředně před značkou.,"C: Označuje zejména nebezpečnou zatáčku, v níž musí řidič výrazně snížit rychlost jízdy, a usměrňuje provoz.",./assets/1723.jpg
2099,16010005,Co vám říká tato dopravní značka?,"A: Upozorňuje na zatáčku (směrový oblouk) vlevo, jehož bezpečné projetí vyžaduje výrazné snížení rychlosti jízdy.",B: Přikazuje jízdu ve směru vlevo bezprostředně před značkou.,"C: Upozorňuje na zatáčku (směrový oblouk) vpravo, jehož bezpečné projetí vyžaduje výrazné snížení rychlosti jízdy.",./assets/1726.jpg
2102,06050253,Tato dopravní značka:,B: Zakazuje vjezd autobusů.,A: Označuje zastávku autobusu městské hromadné dopravy.,C: Zakazuje vjezd autobusů městské hromadné dopravy.,./assets/1729.jpg
2108,06050259,Co znamená tato dopravní značka?,"B: ""Parkoviště"" (stání na chodníku podélné).","A: ""Parkoviště"" (stání na chodníku kolmé nebo šikmé).","C: ""Parkoviště"" (částečné stání na chodníku).",
2179,06050390,Tato dopravní značka řidiče:,"B: Upozorňuje na umělou nerovnost na vozovce, jejímž účelem je zejména snížení rychlosti jedoucích vozidel.","A: Upozorňuje na hrboly, výtluky, díry a jiné nerovnosti ve vozovce nebo na úsek s nerovným povrchem vozovky, vyžadující zvýšenou opatrnost nebo výrazné snížení rychlosti jízdy.","C: Bezprostředně označuje umělou nerovnost na vozovce, jejímž účelem je snížení rychlosti jedoucích vozidel.",./assets/1753.gif
2183,06050393,"Dopravní značka ""Jednosměrný provoz"" vymezuje úsek komunikace, kde je zakázáno:","C: Couvat, pokud to není nezbytně nutné, například k zajetí do řady vozidel nebo vyjetí z ní.","A: Zastavit a stát, s výjimkou míst označených jako parkoviště.","B: Jet rychlostí vyšší než 20 km.h-1, jestliže dopravní značkou není dovolena rychlost vyšší.",
2190,06050371,Tato značka:,"B: Zakazuje vjezd vozidlům, která přepravují výbušniny, snadno hořlavý nebo jinak nebezpečný náklad.","A: Zakazuje vjezd vozidel nebo jízdních souprav přepravujících sypké materiály, které nemají zakrytý nákladový prostor.","C: Zakazuje vjezd vozidlům přepravujícím ropu nebo ropné materiály nebo jiné látky, které by mohly způsobit ohrožení životního prostředí, zejména znečištění vody.",./assets/1760.gif
2194,06050374,Tato dopravní značka:,"A: Upozorňuje řidiče na zatáčku (směrový oblouk) vpravo, jehož bezpečné projetí vyžaduje výrazné snížení rychlosti jízdy.","B: Upozorňuje řidiče na dvě nebo více po sobě následujících zatáček (směrových oblouků), z nichž první je vpravo, a jejichž bezpečné projetí vyžaduje výrazné snížení rychlosti jízdy.","C: Upozorňuje řidiče na zatáčku (směrový oblouk) vlevo, jehož bezpečné projetí vyžaduje výrazné snížení rychlosti jízdy.",./assets/1761.jpg
2195,06050375,Tato dopravní značka:,A: Upozorňuje v odůvodněných případech na křižovatku s kruhovým objezdem.,B: Přikazuje jízdu po křižovatce s kruhovým objezdem ve směru šipek na značce zobrazených.,C: Označuje dopravní okruh zřízený pro objíždění obce nebo její části.,./assets/1762.jpg
2197,06050624,Tato dopravní značka:,"A: Upozorňuje na místo, kde se vozovka oproti předcházejícímu úseku výrazně zužuje z pravé strany.","B: Upozorňuje na snížení počtu jízdních pruhů v místě a vyznačuje, který pruh je průběžný.","C: Upozorňuje na místo, kde se vozovka oproti předcházejícímu úseku výrazně zužuje z levé strany.",./assets/1764.jpg
2199,06050625,Tato dopravní značka:,"A: Upozorňuje na hrboly, výtluky, díry a jiné nerovnosti ve vozovce nebo na úsek s nerovným povrchem vozovky, vyžadující zvýšenou opatrnost nebo výrazné snížení rychlosti jízdy.","B: Upozorňuje na umělou nerovnost na vozovce, jejímž účelem je zejména snížení rychlosti jedoucích vozidel.","C: Bezprostředně označuje umělou nerovnost na vozovce, jejímž účelem je snížení rychlosti jedoucích vozidel a je zpravidla označena žlutočernými pruhy.",./assets/1765.jpg
2200,06050626,Tato dopravní značka:,A: Upozorňuje na úsek pozemní komunikace s prudkým stoupáním. Na značce se uvádí skutečný nejvyšší podélný sklon vozovky.,"B: Upozorňuje na úsek pozemní komunikace, kde místní podmínky činí klesání nebezpečným. Na značce se uvádí skutečný nejvyšší podélný sklon vozovky.","C: Upozorňuje na únikový pruh za nebezpečným klesáním, kde lze v případě nouze, například při sníženém účinku brzd, zastavit vozidlo pomocnými prostředky, například protisvahem, hrubým štěrkovým povrchem apod.",./assets/1766.jpg
2209,06050381,"Která z vyobrazených dodatkových tabulek vyznačuje úsek platnosti dopravní značky, pod kterou je umístěna:",A: E 8d,B: E 2C,C: E 7b,./screenshots/06050381.png
2215,06050361,Která z vyobrazených dopravních značek označuje hlavní pozemní komunikaci.,A: .,B: .,C: .,./screenshots/06050361.png
2227,06050347,"Která z vyobrazených dodatkových tabulek vyznačuje směr k místu, ke kterému se vztahuje dopravní značka, pod kterou je tato tabulka umístěna:",C: .,A: .,B: .,./screenshots/06050347.png
2228,06050348,Která z vyobrazených dopravních značek zakazuje řidiči jet rychlostí 40 km/h:,C: .,A: .,B: .,./screenshots/06050348.png
2321,06050449,Tato značka:,"A: Upozorňuje na umělou nerovnost na vozovce, jejímž účelem je zejména snížení rychlosti jedoucích vozidel.","B: Bezprostředně označuje umělou nerovnost na vozovce, jejímž účelem je snížení rychlosti jedoucích vozidel a je zpravidla označena žlutočernými pruhy.","C: Upozorňuje na hrboly, výtluky, díry a jiné nerovnosti ve vozovce nebo na úsek s nerovným povrchem vozovky, vyžadující zvýšenou opatrnost nebo výrazné snížení rychlosti jízdy.",./assets/1779.gif
2322,06050451,Tato dopravní značka upozorňuje na:,"A: Zatáčku (směrový oblouk) vlevo, jehož bezpečné projetí vyžaduje výrazné snížení rychlosti jízdy.","B: Zatáčku (směrový oblouk) vpravo, jehož bezpečné projetí vyžaduje výrazné snížení rychlosti jízdy.",C: Směr dopravního okruhu zřízeného pro objíždění obce nebo její části.,./assets/1780.gif
2328,06050461,Tato značka znamená:,A: Přikázaný směr jízdy vpravo.,B: Přikázaný směr objíždění vpravo.,C: Jednosměrný provoz.,./assets/1786.jpg
2331,06050446,Tato výstražná dopravní značka upozorňuje na:,A: Zatáčku vpravo.,B: Směr pro opuštění křižovatky s kruhovým objezdem.,C: Zatáčku vlevo.,./assets/1788.gif
2333,06050452,Tato značka:,"B: Upozorňuje na místo nebo úsek pozemní komunikace, kde může dojít ke smyku vozidla i za neztížených povětrnostních podmínek.","A: Upozorňuje na místo nebo úsek pozemní komunikace, kde může dojít ke smyku vozidla pouze za ztížených povětrnostních podmínek.","C: Upozorňuje na místo nebo úsek pozemní komunikace, kde může dojít ke smyku vozidla pouze za deště, sněhu nebo náledí.",./assets/1789.gif
2334,06050454,Tato značka zakazuje vjezd:,"A: Vozidlům, která přepravují výbušniny, snadno hořlavý nebo jinak nebezpečný náklad","B: Vozidlům přepravujícím ropu nebo ropné materiály nebo jiné látky, které by mohly způsobit ohrožení životního prostředí.","C: Vozidlům, jejichž okamžitá hmotnost připadající na nápravu přesahuje hodnoty stanovené výrobcem vozidla.",./assets/1790.gif
2339,06050627,Tato značka upozorňuje řidiče:,C: Na křižovatku s kruhovým objezdem.,A: Na dopravní okruh zřízený pro objíždění obce nebo její části.,B: Na změnu místní úpravy provozu na pozemních komunikacích na dopravním okruhu.,./assets/1794.gif
2340,06050457,Tato dopravní značka znamená:,A: Zákaz vjezdu všech vozidel (v obou směrech).,B: Zákaz vjezdu všech motorových vozidel (v obou směrech).,C: Zákaz vjezdu všech nemotorových vozidel (v obou směrech).,./assets/1795.gif
2487,06050550,Tato dopravní značka znamená:,"B: Dvě nebo více po sobě následujících zatáček (směrových oblouků), z nichž první je vpravo.","A: Nebezpečí smyku na místě nebo úseku pozemní komunikace, za ztížených povětrnostních podmínek.","C: Dvě nebo více po sobě následujících zatáček (směrových oblouků), z nichž první je vlevo.",./assets/1811.gif
2488,06050551,Tato dopravní značka upozorňuje:,"C: Na umělou nerovnost na vozovce, jejímž účelem je zejména snížení rychlosti jedoucích vozidel.","A: Na hrboly, výtluky, díry a jiné nerovnosti ve vozovce nebo na úsek s nerovným povrchem vozovky, vyžadující zvýšenou opatrnost nebo výrazné snížení rychlosti jízdy.",B: Na vyjeté koleje ve vozovce.,./assets/1812.gif
2566,06050641,"Vyberte dopravní značku, která řidiče upozorňuje na místo, kde je provoz na pozemní komunikaci řízen světelnými signály, které by řidič jinak neočekával, nebo které nejsou s ohledem na místní podmínky viditelné z dostatečné vzdálenosti. :",B: .,A: .,C: .,./screenshots/06050641.png
2574,06060004,Zákaz vjezdu vyplývající z vyobrazené dopravní značky platí pro:,A: Ruční vozíky o okamžité šířce větší než 600 mm.,B: Ruční vozíky o okamžité šířce do 600 mm.,C: Všechna potahová vozidla o okamžité šířce větší než 600 mm.,./assets/1838.jpg
2664,16010011,"Jestliže je vyobrazená dopravní značka umístěna na pozemní komunikaci u křižovatky a není doplněna vodorovnou příčnou čárou souvislou s nápisem ""STOP"":","B: Má řidič povinnost zastavit vozidlo na takovém místě, odkud má do křižovatky náležitý rozhled, a dát přednost v jízdě.",A: Má řidič povinnost zastavit vozidlo před touto dopravní značkou a dát přednost v jízdě.,C: Má řidič povinnost zastavit vozidlo na hranici křižovatky a dát přednost v jízdě.,./assets/1848.gif
2760,06060410,Tímto směrovým sloupkem může být:,"A: Vymezeno místo, kde účelová pozemní komunikace (např. polní cesta) vyúsťuje na jinou pozemní komunikaci.",B: Označeno místo častých dopravních nehod.,C: Zvýrazněna či nahrazena vodorovná dopravní značka podélná čára souvislá.,./assets/1995.jpg
2945,06060160,Tato dopravní značka upozorňuje účastníky provozu na pozemních komunikacích:,"A: Na místo nebo úsek pozemní komunikace, kde se může vlivem sesuvů nebo padání kamenů na pozemní komunikaci vyskytovat kamení nebo zemina.","B: Na místo nebo úsek pozemní komunikace, kde se na vozovce vyskytuje volný štěrk,","C: Místo nebo úsek, v jehož blízkosti se nachází kamenolom.",./assets/2055.jpg
2953,06060161,Tato značka:,A: Zakazuje řidiči pokračovat v jízdě bez zastavení vozidla v prostoru u značky.,B: Zakazuje řidiči pokračovat v jízdě bez zastavení vozidla v prostoru státní hranice a současně označuje státní hranici.,C: Upozorňuje řidiče na stanici technické kontroly a měření emisí.,./assets/2056.jpg
2986,06060162,Tato značka:,A: Ukončuje platnost značky „Zákaz výstražných zvukových znamení“.,B: Zakazuje užívání výstražných zvukových znamení.,C: Ukončuje zákaz užívání výstražných znamení.,./assets/2057.jpg
2988,06060163,Tato dopravní značka zakazuje vjezd vozidlům:,"A: Přepravujícím výbušniny, snadno hořlavý nebo jinak nebezpečný náklad a označeným podle zvláštních předpisů.",B: Které nejsou opatřeny příslušnou emisní plaketou přidělovanou na základě jejich emisní kategorie odrážející zátěž životního prostředí.,"C: Přepravujícím ropu nebo ropné materiály nebo jiné látky, které by mohly způsobit ohrožení životního prostředí, zejména znečištění vody.",./assets/2058.jpg
2989,06060164,Tato dopravní značka:,"A: Ukončuje platnost všech zákazů, které jsou stanoveny pro jedoucí vozidla.",B: Upozorňuje řidiče na blížící se dopravní značku se zákazem nebo omezením jízdy pro jedoucí vozidla.,C: Upozorňuje na následující omezení v jízdě pro řidiče nákladních automobilů přepravujících nebezpečný náklad.,./assets/2059.jpg
2991,06060165,Na takto označené pozemní komunikace je zakázán vjezd:,"A: Nákladním automobilům, tahačům přívěsu nebo návěsu a speciálním automobilům; značka neplatí pro obytné automobily.",B: Nákladním automobilům s nejvyšší dovolenou hmotností nepřevyšující 3.500 kg; značka neplatí pro obytné automobily.,C: Nákladním automobilům s nejvyšší dovolenou hmotností převyšující 3.500 kg; značka neplatí pro obytné automobily.,./assets/2060.jpg
2994,06060166,Tato dopravní značka zakazuje vjezd:,B: Všech motorových vozidel.,A: Osobních vozidel a motocyklů.,C: Všech motorových i nemotorových vozidel.,./assets/2061.jpg
2995,06060167,Vyobrazená dopravní značka zakazuje vjezd:,"A: Všem druhům vozidel na jednosměrnou pozemní komunikaci, v níž je provoz veden opačným směrem.",B: Všem druhům vozidel v obou směrech pozemní komunikace.,"C: Nemotorovým vozidlům ze směru, kde je značka umístěna.",./assets/2062.jpg
2998,06060169,Tato značka:,"A: Zakazuje vjezd vozidel nebo jízdních souprav, jejichž okamžitá délka včetně nákladu je větší než údaj uvedený na značce.",B: Informuje o bezpečném odstupu mezi jedoucími nákladními vozidly včetně vyznačení vzdálenosti.,"C: Zakazuje řidiči vozidla udržovat od vozidla jedoucího před ním vzdálenost menší, než je stanovena údajem uvedeným na značce.",./assets/2065.gif
2999,06060170,Do úseku pozemní komunikace označeného touto dopravní značkou je dovoleno vjet:,A: Jen nemotorovým vozidlům a motocyklům bez postranního vozíku.,"B: Jen vozidlům určeným k přepravě osob, jejichž celková hmotnost nepřesahuje 3.500 kg.",C: Jen nemotorovým vozidlům.,./assets/2066.jpg
3000,06060171,V úseku pozemní komunikace označeném touto dopravní značkou:,A: Je řidiči zakázáno předjíždět motorové vozidlo vlevo s výjimkou motocyklů bez postranního vozíku.,B: Je řidiči nákladního automobilu o nejvyšší povolené hmotnosti převyšující 3500 kg zakázáno předjíždět motorové vozidlo vlevo.,C: Je řidiči zakázáno předjíždět motorové i nemotorové vozidlo vlevo.,./assets/2067.jpg
3021,06060233,Tato značka upozorňuje na:,B: Místo dopravní nehody.,"A: Místo, kde často dochází k dopravním nehodám.",C: Usek pozemní komunikace směřující na nechráněné nábřeží nebo břeh vodní plochy.,./assets/2068.gif
3022,06060234,Tato dopravní značka zakazuje:,A: Vjezd motorových vozidel s přívěsem a návěsem.,B: Vjezd potahovým vozidlům.,C: Vjezd ručních vozíků širších než je 600 mm.,./assets/2069.jpg
3030,06060235,"Vyberte dopravní značku, která označuje konec úseku pozemní komunikace s nejnižší dovolenou rychlostí:",B: .,A: .,C: .,./screenshots/06060235.png
3032,06060237,Řidič vozidla z výhledu je upozorňován:,A: Na nebezpečnou zatáčku vlevo.,"B: Na skutečnost, že za zatáčkou je ve vzdálenosti 240 m železniční přejezd.","C: Na skutečnost, že za zatáčkou je ve vzdálenosti 80 m železniční přejezd.",
3059,06060254,Na křižovatce označené touto dopravní značkou:,A: Musíte odbočit vpravo.,B: Nesmíte odbočit vpravo.,"C: Můžete odbočit vpravo, jen pokud hodláte zastavit na volném místě na parkovišti.",
3081,06060317,Za nejbližší dopravní značkou v daném případě:,"B: Se musíte řídit světelnými signály, které jsou této dopravní značce nadřazeny.",A: Musíte dát přednost v jízdě vozidlům jedoucím po hlavní pozemní komunikaci. Tato značka je nadřazena světelným signálům.,C: Musíte dát přednost v jízdě pouze vozidlům hromadné dopravy osob.,
3089,06060325,"Dopravní značka, kterou vidíte jako nejbližší, znamená:",A: Hlavní pozemní komunikace.,B: Konec hlavní pozemní komunikace.,C: Dej přednost v jízdě!,
3095,06060314,Řidič vozidla z výhledu na nejbližší křižovatce za první dopravní značkou:,"A: Nemusí výrazně měnit způsob jízdy, protože je na hlavní pozemní komunikaci.","B: Musí přizpůsobit jízdu tomu, že řidič v protisměru má přednost v jízdě.","C: Musí přizpůsobit jízdu tomu, že bude dávat přednost v jízdě vozidlům, která mohou přijíždět zprava.",
3096,06060313,Nejbližší dopravní značka:,B: Platí jen pro nejbližší křižovatku.,"A: Platí pro všechny následující křižovatky v přímém směru, pokud její platnost není ukončena dopravní značkou ""Konec hlavní pozemní komunikace"".","C: Platí pro všechny křižovatky na území obce, které je označeno příslušnou dopravní značkou.",
3114,06060305,Za touto dopravní značkou smíte jet rychlostí:,A: Nejvýše 50 km/h.,B: Nejvýše 20 km/h.,C: Nejvýše 60 km/h.,
3151,06060411,Tento směrový sloupek:,B: Vymezuje vyústění účelové pozemní komunikace na jinou pozemní komunikaci.,A: Upozorňuje řidiče na nezpevněnou krajnici.,"C: Označuje kluzký úsek pozemní komunikace, kde hrozí smyk vozidla.",./assets/2253.jpg
3152,06060416,Lze před nejbližší dopravní značkou zastavit za účelem neprodleného vyložení nákladu?,B: Ne.,A: Ano.,,
3154,06060419,Za první skupinou dopravních značek:,A: Musí řidič vozidla z výhledu na nejbližší křižovatce odbočit vpravo nebo vlevo.,"B: Může řidič vozidla z výhledu pokračovat v jízdě v přímém směru, neohrozí-li řidiče jedoucího na křižovatce zleva.",C: Bude řidič vozidla z výhledu vjíždět na kruhový objezd.,
3206,06060472,Zákaz vjezdu podle vyobrazené dopravní značky platí pro:,"A: Vozidla nebo soupravy vozidel, jejichž okamžitá délka včetně nákladu přesahuje vyznačenou mez.",B: Nákladní vozidla a jejich jízdní soupravy.,C: Dodávkové a nákladní automobily a jejich jízdní soupravy o nejvyšší povolené hmotnosti  nepřevyšující 7000 kg.,./assets/2284.jpg
3208,06060474,Tato značka zakazuje vjezd:,"A: Všech vozidel, jejichž okamžitá hmotnost připadající na nápravu přesahuje údaj uvedený na značce.","B: Všech vozidel, jejichž okamžitá hmotnost připadající na nápravu nedosahuje údaj uvedený na značce.",C: Všech přípojných jednonápravových vozidel.,./assets/2286.jpg
3209,06060475,Tato značka označuje:,A: Místo dopravní nehody.,B: Místo nebezpečí pádu vozidla z nezpevněné krajnice.,C: Úsek častých dopravních nehod.,./assets/2287.gif
3210,06060476,Vyobrazená dopravní značka:,A: Zakazuje vjezd ručních vozíků o okamžité šířce větší než 600 mm.,B: Zakazuje vjezd potahových vozidel.,C: Upozorňuje na práci na pozemní komunikaci kde jsou používány ruční pracovní stroje.,./assets/2288.jpg
3267,16010006,"Která z vyobrazených dopravních značek upozorňuje na práci na pozemní komunikaci nebo v jejím bezprostředním okolí, která by mohla ohrozit bezpečnost provozu na pozemních komunikacích nebo při níž by mohli být provozem ohroženi pracovníci tuto činnost vykonávající.?",C: .,A: .,B: .,./screenshots/16010006.png
3373,15120002,Tato dopravní značka:,B: Platí jen pro nejbližší křižovatku.,"A: Platí pro všechny následující křižovatky v přímém směru, pokud její platnost není ukončena dopravní značkou ""Hlavní pozemní komunikace"".","C: Platí pro všechny křižovatky na území obce, které jsou označeny touto  dopravní značkou.",
3465,08080030,Na tomto místě může zastavit a stát:,"A: Jen vozidlo, které přepravuje osobu těžce postiženou nebo těžce pohybově postiženou, které je označeno speciálním označením a příslušnou registrační značkou.","B: Vozidlo rodinných příslušníků osoby těžce postižené, které ale není označeno speciálním označením.","C: Pokud je parkovací místo volné, může zde zastavit a stát i jiné vozidlo s označením O1.",
3583,08100088,"Vyberte dopravní značku, která řidiče upozorňuje na místo, kde je provoz na pozemní komunikaci řízen světelnými signály, které by řidič jinak neočekával, nebo které nejsou s ohledem na místní podmínky viditelné z dostatečné vzdálenosti:",B: .,A: .,C: .,./screenshots/08100088.png
3634,08100094,"Která z vyobrazených dopravních značek neumožňuje řidiči, pokud to ostatní okolnosti provozu na pozemních komunikacích dovolují, jet rychlostí 25 km/h :",A: .,B: .,C: .,./screenshots/08100094.png
4021,08120015,Tato dopravní značka upozorňuje na:,"A: Křižovatku, na které není přednost v jízdě upravena svislými dopravními značkami.","B: Křižovatku, na které je přednost v jízdě dále upravena svislými dopravními značkami.","C: Blízkost železničního přejezdu, který není opatřen železničním zabezpečovacím zařízením.",
4022,08120016,Řidič vozidla z výhledu:,A: Má přednost v jízdě před protijedoucími vozidly.,B: Nemá přednost v jízdě před protijedoucími vozidly.,C: Musí dodržovat označený směr jízdy.,
4023,08120017,Řidič vozidla z výhledu:,A: Musí dát přednost v jízdě vozidlu jedoucímu po kruhovém objezdu a jet ve směru šipek zobrazených na příkazové značce.,B: Má přednost v jízdě před vozidlem jedoucím po kruhovém objezdu pokud dává znamení o změně směru jízdy.,C: Musí vždy na hranici křižovatky zastavit vozidlo a dát přednost v jízdě vozidlu jedoucímu po kruhovém objezdu.,
4130,10040037,Na obrázku není znázorněna dopravní značka:,"B: ""Hlavní pozemní komunikace"".","A: ""Přechod pro chodce"".","C: ""Dej přednost v jízdě"", s dodatkovou tabulkou.",
4511,11040007,Tato značka upozorňuje:,C: Na křižovatku s kruhovým objezdem.,A: Na změnu dopravního okruhu zřízeného pro objíždění obce nebo její části.,B: Na směr k výjezdu z kruhového parkoviště.,./assets/3340.gif
5290,15120004,Tato výstražná dopravní značka:,"C: Upozorňuje na zatáčku (směrový oblouk) vpravo, jehož bezpečné projetí vyžaduje výrazné snížení rychlosti jízdy.","A: Upozorňuje na dvě nebo více po sobě následujících zatáček (směrových oblouků), z nichž první je vpravo, a jejichž bezpečné projetí vyžaduje výrazné snížení rychlosti jízdy.","B: Upozorňuje na zatáčku (směrový oblouk) vlevo, jehož bezpečné projetí vyžaduje výrazné snížení rychlosti jízdy.",./assets/3362.gif
5293,16010014,Tato dopravní značka upravuje:,B: Přednost pro vozidla jedoucí ze směru označeného černou šipkou.,"A: Přednost před protijedoucími nákladními vozidly v případě, kdy se protijedoucí vozidla nemohou bezpečně vyhnout.",C: Přednost pro vozidla jedoucí ze směru označeného červenou šipkou.,./assets/3363.jpg
5295,16010017,"Která z vyobrazených dopravních značek neumožňuje řidiči, pokud si to nevynutí ostatní okolnosti provozu na pozemních komunikacích, jet rychlostí 25 km/h:",A: .,B: .,C: .,./screenshots/16010017.png
5371,21100002,Platnost zónových dopravních značek:,"B: je ukončena dopravní značkou informující o jejím konci, není-li stanoveno jinak.",A: je ukončena na nejbližší křižovatce.,C: končí po 100 m od značky.,
5372,21100003,"Které směrové sloupky označují úsek pozemní komunikace, kde hrozí zvýšené nebezpečí námrazy:",A: modré,B: bílé,C: červené,./screenshots/21100003.png
5375,21100006,Tato dopravní značka označuje:,"C: parkoviště, na kterém řidič musí ve vozidle viditelně umístit kotouč nastavením začátku stání.",A: parkoviště na kruhovém objezdu.,B: placené parkoviště s parkovacím automatem na mince.,./assets/3371.png
5376,21100007,Toto označení:,A: informuje účastníky provozu o řízení vozidla méně zkušeným řidičem.,B: upozorňuje na povinnost označit vozidlo výstražným trojúhelníkem.,C: označuje prostor určený pro odkládání zavazadel ve vozidle hromadné dopravy.,./assets/3373.png
5377,21100008,Do oblasti za těmito dopravními značkami:,A: je možné vjet za účelem parkování vozidla.,B: je možné vjet za účelem zkrácení si cesty.,C: je zakázáno vjet.,./assets/3375.png
5381,21100012,"Smí řidič motorového vozidla, který není držitelem platného parkovacího oprávnění pro danou oblast, zaparkovat za touto dopravní značkou v sobotu v poledne?","A: Ano, bezplatně.","B: Ano, pokud uhradí parkovné.",C: Ne.,./assets/3381.png
5384,21100015,Tato dopravní značka:,A: Přikazuje řidiči dát přednost v jízdě protijedoucím vozidlům.,B: Informuje řidiče o přednosti v jízdě před protijedoucími vozidly.,C: Zakazuje vjezd více jak dvou vozidel v jednom směru jízdy.,./assets/3387.png
5387,21100018,Jakou rychlostí můžete jet v obci jako řidič osobního automobilu z výhledu na vyobrazené situaci za nejbližší informativní značkou zónovou,A: 80 km/h,B: 110 km/h,C: 50 km/h,./assets/3393.png
5388,21100019,Co znázorňuje vodorovná dopravní značka na obrázku?,C: Prostor určený pro cyklisty čekající na světelný signál „Volno“.,A: Pruh nebo stezku pro cyklisty.,B: Přejezd pro cyklisty.,./assets/3395.png
5389,21100020,Ve zřízeném prostoru pro cyklisty na křižovatce se světelnými signály se mohou řadit pouze:,B: cyklisté.,A: motocyklisté a cyklisté.,C: potahová vozidla a cyklisté.,./assets/3397.png
5390,21100021,Co znázorňuje vodorovná dopravní značka na obrázku?,B: Jízdní pruh pro cyklisty.,A: Piktogramový koridor pro cyklisty.,C: Prostor pro cyklisty.,./assets/3399.png
5391,21100022,"V úseku pozemní komunikace, který následuje za touto svislou dopravní značkou, jako řidič motorového vozidla",B: nesmíte zastavit a stát ve vyhrazeném jízdním pruhu pro cyklisty.,A: smíte zastavit a stát ve vyhrazeném jízdním pruhu pro cyklisty.,"C: smíte ve vyhrazeném jízdním pruhu pro cyklisty zastavit na  dobu nezbytně nutnou k neprodlenému nastoupení nebo vystoupení přepravovaných osob, anebo k neprodlenému naložení nebo složení nákladu.",./assets/3401.png
5396,21100027,Ve vyobrazené situaci řidič vozidla z výhledu vpravo:,B: nesmí zastavit a stát.,A: smí zastavit.,C: smí stát.,./assets/3411.png
5400,21100031,Za vyobrazenou dopravní značkou se můžete jako řidič motorového vozidla setkat,"B: s jízdou cyklistů v protisměru, které nesmíte ohrozit.","A: s cyklisty v protisměru, kteří vedou kolo.","C: s jízdou cyklistů v protisměru, kterým musíte dát přednost.",./assets/3419.png
5401,21100032,S čím jako řidič motorového vozidla musíte počítat v místech označených touto vodorovnou dopravní značkou?,C: Se zvýšeným provozem cyklistů.,"A: S blížícím se prostorem určeným pro cyklisty čekající na světelný signál ""volno"".",B: S blížícím se přejezdem pro cyklisty.,./assets/3421.png
5402,21100033,Co znázorňuje tato informativní směrová značka?,A: Směrová tabulka pro cyklisty informuje o čísle cyklistické trasy.,B: Dopravní značka označuje cyklostezku.,C: Směrová tabulka označuje jízdní pruh pro cyklisty a jeho číslo.,./assets/3423.png
5403,21100034,"Do úseku pozemní komunikace za touto dopravní značkou můžete jako řidič motorového vozidla s maximální přípustnou hmotností nepřevyšující 3500 kg, jet jen v případě, že použijete zimní pneumatiky s hloubkou dezénu hlavních dezénových drážek nebo zářezů nejméně","B: 4 mm, a to bez ohledu na datum a aktuální nebo předpokládané povětrnostní podmínky.","A: 4 mm, a to v období od 1. listopadu do 31. března.","C: 2 mm, a to bez ohledu na datum a aktuální nebo předpokládané povětrnostní podmínky.",./assets/3425.png
5406,22020004,Vyobrazený směrový sloupek:,B: vyznačuje vyústění účelové komunikace na jinou pozemní komunikaci,A: označuje okraj pozemní komunikace,C: se používá při usměrňování provozu a pro zdůraznění podélné čáry souvislé vodorovného dopravního značení,./assets/3431.png
5407,22020005,Řidič osobního automobilu na nejbližší křižovatce:,B: může odbočit vpravo,A: nesmí odbočit vpravo,C: musí odbočit vpravo,./assets/3433.png
5410,22020008,Tato dopravní značka:,C: neexistuje.,A: určuje povinnost dát přednost v jízdě vozidlům na hlavní pozemní komunikaci.,B: přikazuje řidiči dát přednost vozidlům připojujícím se zprava.,./assets/3439.png
5413,22020011,Od místa vyobrazených dopravních značek platí že:,"A: řidič může jet rychlostí nejvýše 100 km/h, neboť ve vzdálenosti 1000 m probíhá práce na silnici.","B: řidič může jet rychlostí nejvýše 110 km/h, až do místa, kde probíhá práce na silnici.",,./assets/3443.png
5415,22020013,"Může řidič vjet do prostoru označeného vodorovnou dopravní značkou ""Žluté zkřížené čáry"", pokud mu dopravní situace za touto plochou neumožňuje pokračovat v jízdě?",A: Ne.,B: Ano.,"C: Ano, pokud nebude bránit v jízdě jiným vozidlům.",./assets/3447.png
5416,22020014,"Jak může být ukončena platnost svislé dopravní značky B 20a ""Nejvyšší dovolená rychlost""?",A: Nejbližší křižovatkou.,B: Vyústěním polní nebo lesní cesty.,C: Po ujetí délky úseku 80 m.,./assets/3449.png
5422,22020020,Řidič vozidla z výhledu na vyobrazené křižovatce může:,"B: odbočit vlevo, nebo jet v přímém směru.",A: odbočit vpravo.,C: odbočit vpravo i vlevo.,./assets/3461.png
5424,22020022,Na nejbližší křižovatce řidič osobního vozidla z výhledu:,B: nesmí odbočit vpravo.,A: musí odbočit vlevo.,C: smí odbočit vpravo.,./assets/3465.png
5425,22020023,Řidič vozidla z výhledu se:,A: nesmí otočit do protisměru přes tramvajový pás.,B: smí otočit do protisměru přes tramvajový pás; přitom musí dát přednost v jízdě pouze tramvajím jedoucím ve stejném směru.,C: smí otočit do protisměru přes tramvajový pás; přitom musí dát přednost v jízdě tramvajím jedoucím v obou směrech a vozidlům jedoucím v protisměru.,./assets/3467.png
5426,22020024,Vyobrazená dopravní situace upozorňuje řidiče na:,B: možnost přecházení chodců a přejíždění cyklistů.,A: možnost přecházení pouze chodců.,C: možnost přejíždění pouze cyklistů.,./assets/3469.png
5432,22020029,Tato svislá dopravní značka upozorňuje řidiče na:,B: nebezpečné stoupání.,A: nebezpečné klesání.,"C: na úsek, kde místní podmínky činí klesání pozemní komunikace nebezpečným.",./assets/3479.png
5433,22020030,Tato svislá dopravní značka upozorňuje:,C: na zvýšený výskyt cyklistů.,A: na stezku pro cyklisty.,B: na dětské dopravní hřiště.,./assets/3481.png
5434,22020031,Může řidič přes tuto vodorovnou dopravní značku odbočit vlevo k najetí na parkoviště u obchodního domu?,B: NE,A: ANO,,./assets/3483.png
5435,22020032,Může řidič přes tuto vodorovnou dopravní značku odbočit vlevo k najetí do garáže u rodinného domu?,A: ANO,B: NE,,./assets/3485.png
5445,22020038,"Platnost přenosné dopravní značky ""Nejvyšší dovolená rychlost"" umístěná na vozidle, které označuje pohyblivé pracoviště tvořené pomalu se pohybujícím vozidlem nebo skupinou vozidel, končí:","C: 100 m ve směru jízdy za tímto vozidlem nebo za posledním vozidlem skupiny, jedná-li se o skupinu vozidel.","A: pouze svislou přenosnou dopravní značkou  Konec nejvyšší dovolené rychlosti, nebo Konec všech zákazů nebo křižovatkou.","B: 300 m ve směru jízdy za tímto vozidlem nebo za posledním vozidlem skupiny, jedná-li se o skupinu vozidel.",./assets/3505.png
5447,22050007,Dopravní značka na obrázku pro řidiče znamená:,"A: zákaz značku přejíždět nebo ji nákladem přesahovat, pokud to není nutné k objíždění, odbočování na místo ležící mimo pozemní komunikaci nebo vjíždění na pozemní komunikaci z místa ležícího mimo pozemní komunikaci a předjíždění cyklistů.","B: zákaz značku přejíždět nebo ji nákladem přesahovat, pokud to není nutné k objíždění, předjíždění cyklistů a traktorů.",C: možnost se volně pohybovat v obou jízdních pruzích.,./assets/3509.png
5449,22050009,"Řidič vozidla z výhledu, který hodlá jet do centra Prahy:","C: může pokračovat v jízdním pruhu, ve kterém se právě nachází.","A: musí přejet do levého jízdního pruhu, jízdní pruh ve kterém se nachází vede pouze směr letiště.","B: může odbočit vlevo i vpravo a najede na městský okruh; z dopravních značek nevyplývá, který směr je určen pro cestu do centra.",./assets/3511.png
5451,22050011,Vyobrazenou dopravní značkou může být ukončena platnost:,"C: dopravní značky ""Nejvyšší dovolená rychlost"".",A: všech dopravních značek.,"B: dopravní značky ""Zákaz zastavení"".",./assets/3515.png
5452,22050012,"Může řidič projet úsekem označeným vyobrazenou dopravní značkou ""Jiný zákaz"",když si chce zkrátit cestu nebo objet komplikovanou dopravní situaci?",A: Ne.,B: Ano.,"C: Ano, pokud zná místní situaci.",./assets/3517.png
5453,22050013,Tato dopravní značka:,"B: upozorňuje na křižovatku, kde není přednost v jízdě upravena svislými dopravními značkami.",A: upozorňuje na křižovatku s vyznačením jejího tvaru.,C: zakazuje zastavení a stání.,./assets/3519.png
5454,22050014,Speciální označení osoby nevidomé je:,"A: Bílá hůl, která musí být opatřena nejméně jedním reflexním bílým pruhem šířky 50 mm.","B: Hůl s černými a žlutými pruhy o šířce 100 mm, která musí být opatřena nejméně jedním reflexním bílým pruhem šířky 50 mm.","C: Hůl s bílými a červenými pruhy o šířce 100 mm, která musí být opatřenanejméně jedním reflexním bílým pruhem šířky 50 mm a nejméně souvislá třetina její délky musí mít průměr nejméně 12 mm.",./assets/3521.png
5461,22050021,Tato svislá dopravní značka upozorňuje řidiče na:,A: nebezpečné klesání.,B: nebezpečné stoupání.,"C: na úsek, kde místní podmínky činí stoupání pozemní komunikace nebezpečným.",./assets/3533.png
5462,22050022,Řidič osobního vozidla z výhledu ve vyobrazené dopravní situaci:,B: musí dát přednost v jízdě protijedoucím vozidlům a jet rychlostí nejvýše 20 km/h.,A: má přednost v jízdě před protijedoucími vozidly.,C: musí dát přednost v jízdě protijedoucím vozidlům lehčím než 22 tun.,./assets/3535.png
5465,22050025,Signál dvou vedle sebe umístěných střídavě přerušovaných červených světel ve vyobrazené dopravní situaci znamená pro řidiče modrého vozidla:,A: povinnost zastavit vozidlo před světelným signalizačním zařízením.,B: povinnost snížit rychlost jízdy přičemž nemusí zastavit vozidlo.,,./assets/3541.png
5466,22050026,Tato dopravní značka upozorňuje řidiče na:,A: železniční přejezd se závorami ve vzdálenosti 240 m.,B: železniční přejezd bez závor ve vzdálenosti 240 m.,C: železniční přejezd se závorami ve vzdálenosti 180 m.,./assets/3543.png
5467,22050027,Řidič vozidla z výhledu je upozorňován:,C: na nebezpečnou zatáčku vpravo.,"A: na skutečnost, že za zatáčkou je ve vzdálenosti 240 m železniční přejezd.","B: na tři po sobě následující zatáčky, z nichž první je vpravo.",./assets/3545.png
5468,22050028,Tato dopravní značka:,A: upozorňuje na úsek pozemní komunikace směřující na nechráněné nábřeží nebo břeh vodní plochy.,"B: upozorňuje na místo, kde je možné použít přívoz.",C: upozorňuje na zvedací nebo jiný pohyblivý most.,./assets/3547.png
5469,22050029,Tato dopravní značka upozorňuje na:,A: zvedací nebo jiný pohyblivý most.,B: nábřeží.,C: zvýšenou hladinu vodní plochy.,./assets/3549.png
5472,22050032,Řidič vozidla z výhledu v následujícím úseku:,B: by měl jet doporučenou rychlostí 20 km/h.,A: musí jet rychlostí minimálně 20 km/h.,C: nesmí překročit rychlost 20 km/h.,./assets/3555.png
5496,22100015,Tato svislá dopravní značka označuje:,"C: Parkoviště, na kterém lze zastavit za účelem vystoupení a nastoupení osob.","A: Parkoviště, kde je dovoleno zastavení a stání.","B: Záchytné parkoviště, ze kterého lze pokračovat v jízdě prostředkem hromadné dopravy osob.",./assets/3597.png
5516,22100035,Řidič vozidla z výhledu pokračující v přímém směru:,A: musí za vyobrazenou dopravní značkou dát přednost v jízdě vozidlům nebo jezdcům na zvířatech přijíždějícím zprava nebo organizované skupině chodců nebo průvodcům hnaných zvířat se zvířaty přicházejícím zprava.,B: musí za vyobrazenou dopravní značkou dát přednost v jízdě vozidlům nebo jezdcům na zvířatech přijíždějícím zleva nebo organizované skupině chodců nebo průvodcům hnaných zvířat se zvířaty přicházejícím zleva.,C: musí za vyobrazenou dopravní značkou dát přednost v jízdě pouze vozidlům.,./assets/3631.png
5527,23030005,Sestava jednotlivých šipek umístěných za sebou upozorňuje řidiče vozidla z výhledu:,"A: Na nebezpečnou zatáčku vlevo, v níž musí řidič výrazně snížit rychlost jízdy.","B: Na tři po sobě následující zatáčky, z nichž první je vlevo.","C: Na skutečnost, že za zatáčkou je ve vzdálenosti 240 m železniční přejezd.",./assets/3653.png
5528,23030006,Tato dopravní značka zakazuje:,"A: Vjezd do vyznačeného jízdního pruhu nákladním automobilům, tahačům přívěsu nebo návěsu a speciálním automobilům, značka neplatí pro obytné automobily.",B: Předjíždění pro všechna nákladní vozidla ve vyznačeném úseku.,C: Jízdu ve vyznačeném jízdním pruhu pro nákladní vozidla s největší přípustnou hmotností nad 12 t.,./assets/3655.png
5530,23030007,"Značka informuje o zákazu vjezdu, který za nejbližší křižovatkou platí v přímém směru pro:",C: Všechna vozidla s okamžitou hmotností nad 6 t.,A: Všechna vozidla s celkovou hmotností do 6 t.,B: Nákladní vozidla s největší povolenou hmotností nad 6 t.,./assets/3659.png
5534,23030010,Tato dopravní značka:,"A: Zakazuje vjezd vozidlům přepravujícím ropu nebo ropné materiály nebo jiné látky, které by mohly způsobit ohrožení životního prostředí, zejména znečištění vody.","B: Zakazuje vjezd vozidlům, která přepravují výbušniny, snadno hořlavý nebo jinak nebezpečný náklad.","C: Zakazuje vjezd vozidel nebo jízdních souprav přepravujících sypké materiály, které nemají zakrytý nákladový prostor.",./assets/3667.png
5546,23030022,"Smí do takto označeného úseku (na most), vjet řidič osobního automobilu délky 5 m s obytným přívěsem délky 6 m?","C: Ne, součet délky tažného vozidla a přípojného vozidla je více než 8 m.","A: Ano, ani jedno z vozidel soupravy není delší než 8 m.","B: Ano, zákaz se nevztahuje na osobní vozidla.",./assets/3685.png
5548,23030023,Řidič nákladního automobilu z výhledu s nejvyšší povolenou hmotností 3 300 kg s přípojným vozidlem s nejvyšší povolenou hmotností 2 000 kg:,C: Nesmí vjet do takto označeného úseku. Součet nejvyšších povolených hmotností vozidel soupravy je vyšší než nejvyšší povolená hmotnost vyznačená na dopravní značce.,"A: Smí do takto označeného úseku vjet, ani jedno z vozidel soupravy nepřesahuje povolenou hmotnost.","B: Smí do takto označeného úseku vjet, zákaz se vztahuje pouze na „velká“ nákladní vozidla.",./assets/3689.png
5558,23030031,"Řidič vozidla z výhledu smí vjet do levého jízdního pruhu, pokud:","B: Okamžitá šířka vozidla včetně nákladu a zpětných zrcátek není větší než 2,2 m.","A: Největší povolená šířka vozidla dle technického průkazu bez sklopné části zrcátek není menší než 2,2 m.","C: Dodrží odstup od před ním jedoucího vozidla nejméně 2,2 m.",./assets/3707.png
5618,24030008,Vyberte správný význam vyobrazeného dopravního značení:,C: Ve vzdálenosti 1500 m (za vyobrazenou dopravní značkou) následuje zákaz vjezdu všech vozidel v obou směrech.,A: Ve vzdálenosti 1500 m (za vyobrazenou dopravní značkou) končí úsek zákazu vjezdu všech motorových vozidel v obou směrech.,B: Zákaz vjezdu všech vozidel v obou směrech. Úsek je dlouhý 1500 m.,./assets/3795.png
5632,24030022,Tato dopravní značka označuje oblast:,B: Kde platí pravidla silničního provozu pro provoz ve sdílené zóně.,A: Kde platí pravidla silničního provozu pro provoz v obytné zóně.,C: Kde platí pravidla silničního provozu pro provoz v pěší zóně.,./assets/3811.png
5633,24030023,Jak se musí zachovat řidič v úseku za vyobrazenou dopravní značkou?,A: Je povinen dodržovat pravidla silničního provozu platná pro jízdu ve sdílené zóně.,B: Musí dodržovat pravidla silničního provozu platná pro pohyb v pěší zóně.,C: Musí dodržovat pouze obecná pravidla silničního provozu.,./assets/3813.png
5634,24030024,Co vyznačuje vyobrazená dopravní značka?,A: Konec sdílené zóny.,B: Konec obytné zóny.,C: Konec pěší zóny.,./assets/3815.png
5635,24030025,Jaká pravidla silničního provozu musíte dodržovat mimo zónu označenou vyobrazenou dopravní značkou?,B: Nemusím již dodržovat pravidla silničního provozu pro jízdu ve sdílené zóně.,A: Musím dále dodržovat ustanovení platná pro jízdu ve sdílené zóně.,C: Platí ustanovení pro jízdu mimo obec.,./assets/3817.png
5636,24030026,Co vyznačuje vyobrazená dopravní značka?,"C: Parkoviště, které je určeno pro parkování vozidel, jejichž řidič odtud bezprostředně pokračuje v jízdě jako cestující v jiném vozidle v rámci spolujízdy.","A: Parkoviště, které je určeno pro zastavení vozidel za účelem vystoupení přepravovaných dětí před školou.","B: Parkoviště, které je určeno pro parkování vozidel, jejichž řidič pokračuje v jízdě veřejnou dopravou.",./assets/3819.png
5637,24030027,Tato dopravní značka:,A: Ve spojení s příslušnou vodorovnou dopravní značkou „Bezpečný odstup“ informuje o bezpečném odstupu mezi jedoucími vozidly.,B: Stanovuje řidiči dodržet rozestup min. 200 m za vpředu jedoucím vozidlem.,C: Informuje řidiče hodlajícího podélně zaparkovat vozidlo o nutnosti dodržet vyznačený rozestup mezi vozidly.,./assets/3821.png
5638,24030028,Jaký je význam vyobrazené dopravní značky?,B: Označuje servisní místo pro sanitaci hygienických zařízení obytných automobilů a obytných přívěsů.,A: Označuje místo pro parkování obytných vozidel.,C: Označuje místo pro kempování obytných vozidel a obytných přívěsů.,./assets/3823.png
5666,24070011,Vyobrazený směrový sloupek:,A: Vyznačuje vyústění polní a lesní cesty na pozemní komunikaci.,B: Používá se pro vyznačení křižovatky silnic nižší třídy.,C: Označuje okraj pozemní komunikace.,./assets/3879.png
5667,24070012,"Jak se zachová řidič v případě, že vyjíždí z komunikace označené vyobrazenými sloupky?","B: Dá přednost v jízdě všem vozidlům, jedoucím po komunikaci, na kterou vyjíždí.","A: Dá přednost v jízdě vozidlům, přijíždějícím zprava.",C: Dá přednost v jízdě vozidlům přijíždějícím zleva.,./assets/3881.png
5670,24070015,Řidič nákladního automobilu:,"B: Může odbočit vpravo, přitom nesmí ohrozit ani omezit cyklistu jedoucího ve vyhrazeném jízdním pruhu.",A: Musí odbočit vpravo.,C: Nesmí odbočit vpravo.,./assets/3883.png
5671,24070016,Řidič motocyklu na nejbližší křižovatce:,"A: Může odbočit vpravo, přitom nesmí ohrozit ani omezit cyklistu jedoucího ve vyhrazeném jízdním pruhu.","B: Může odbočit vpravo, přičemž mu cyklista jedoucí ve vyhrazeném jízdním pruhu musí dát přednost v jízdě.",C: Nesmí odbočit vpravo.,./assets/3885.png
5676,24070021,Jak se má zachovat řidič motocyklu ve vyobrazené dopravní situaci?,A: Zastaví motocykl před zúžením.,B: Jednostopé vozidlo může zúžením projet.,C: Musí se s řidičem protijedoucího vozidla domluvit.,./assets/3893.png
5681,24070025,Může se motocyklista zařadit před světelnou křižovatkou do prostoru vyznačeného vodorovnou dopravní značkou?,"C: Nemůže, prostor je vyhrazen pouze cyklistům.","A: Může, motocyklista se řadí na křižovatce před ostatní vozidla.","B: Může, pokud je tam dostatek prostoru.",./assets/3899.png
5689,24070031,Jaký je význam vyobrazené dopravní značky:,"B: Značka informuje řidiče o tom, že řidič protijedoucího vozidla smí do následujícího úseku pozemní komunikace vjet pouze v případě, kdy se jeho a protijedoucí vozidlo mohou bezpečně vyhnout.","A: Značka přikazuje řidiči dát přednost v jízdě protijedoucímu vozidlu v případě,kdy se protijedoucí vozidla nemohou bezpečně vyhnout.",C: Značka přikazuje jízdu po křižovatce ve směru šipek na značce zobrazených.,./assets/3913.png
5691,24070033,Řidič autobusu:,A: Nesmí odbočit vpravo.,B: Musí odbočit vpravo.,"C: Může odbočit vpravo, přitom nesmí ohrozit ani omezit cyklistu jedoucího ve vyhrazeném jízdním pruhu.",./assets/3915.png
5693,24070035,Do úseku pozemní komunikace za vyobrazenou dopravní značkou:,B: Je zakázán vjezd všech motorových vozidel s výjimkou motocyklů bez postranního vozíku.,A: Je zakázán vjezd jen osobním automobilům.,C: Je zakázán vjezd všem motorovým vozidlům.,./assets/3919.png
